date	dow	title	first	psalm	second	alleluia	gospel	source_pdf
2025-11-01	Saturday	All Saints Solemnity, No Obligation this Year to Attend Mass						Mass-Readings-November-2025-PDF-Download.pdf
2025-11-02	Sunday	The Commemoration of All the Faithful Departed (All Souls)						Mass-Readings-November-2025-PDF-Download.pdf
2025-11-03	Monday	Ordinary Weekday/ Martin De Porres, Religious	Romans 11: 29-36	Psalms 69: 30-31, 33-34, 36	Romans 6: 3-9	John 8: 31b-32	Luke 14: 12-14	Mass-Readings-November-2025-PDF-Download.pdf
2025-11-04	Tuesday	Charles Borromeo, Bishop Obligatory Memorial	Romans 12: 5-16ab	Psalms 131: 1bcde, 2, 3		Matthew 11: 28	Luke 14: 15-24	Mass-Readings-November-2025-PDF-Download.pdf
2025-11-05	Wednesday	Ordinary Weekday						Mass-Readings-November-2025-PDF-Download.pdf
2025-11-06	Thursday	Ordinary Weekday	Romans 14: 7-12	Psalms 27: 1bcde, 4, 13-14		Matthew 11: 28	Luke 15: 1-10	Mass-Readings-November-2025-PDF-Download.pdf
2025-11-07	Friday	Ordinary Weekday	Romans 15: 14-21	Psalms 98: 1, 2-3ab, 3cd-4		First John 2: 5	Luke 16: 1-8	Mass-Readings-November-2025-PDF-Download.pdf
2025-11-08	Saturday	Ordinary Weekday/ Optional Memorial of the Blessed Virgin Mary						Mass-Readings-November-2025-PDF-Download.pdf
2025-11-09	Sunday	Dedication of the Lateran Basilica in Rome	Ezekiel 47: 1-2, 8-9, 12	Psalms 46: 2-3, 5-6, 8-9	First Corinthians 3: 9c-11, 16-17	Second Chronicles 7: 16	John 2: 13-22	Mass-Readings-November-2025-PDF-Download.pdf
2025-11-10	Monday	Leo the Great, Pope, Doctor Obligatory Memorial						Mass-Readings-November-2025-PDF-Download.pdf
2025-11-11	Tuesday	Martin of Tours, Bishop Obligatory Memorial						Mass-Readings-November-2025-PDF-Download.pdf
2025-11-12	Wednesday	Josaphat, Bishop, Religious, Martyr Obligatory Memorial	Wisdom 6: 1-11	Psalms 82: 3-4, 6-7		First Thessalonians 5: 18	Luke 17: 11-19	Mass-Readings-November-2025-PDF-Download.pdf
2025-11-13	Thursday	Frances Xavier Cabrini, Virgin, Religious Obligatory Memorial	Wisdom 7: 22b - 8: 1	Psalms 119: 89, 90, 91, 130, 135, 175		John 15: 5	Luke 17: 20-25	Mass-Readings-November-2025-PDF-Download.pdf
2025-11-14	Friday	Ordinary Weekday	Wisdom 13: 1-9	Psalms 19: 2-3, 4-5ab		Luke 21: 28	Luke 17: 26-37	Mass-Readings-November-2025-PDF-Download.pdf
2025-11-15	Saturday	Ordinary Weekday/ Optional Memorial of the Blessed Virgin Mary/ Albert the Great, Bishop, Religious, Doctor	Wisdom 18: 14-16; 19: 6-9	Psalms 105: 2-3, 36-37, 42-43		Second Thessalonians 2: 14	Luke 18: 1-8	Mass-Readings-November-2025-PDF-Download.pdf
2025-11-16	Sunday	Thirty-Third Sunday in Ordinary Time	Malachi 4: 1-2a	Psalms 98: 5-6, 7-8, 9	Second Thessalonians 3: 7-12	Luke 21: 28	Luke 21: 5-19	Mass-Readings-November-2025-PDF-Download.pdf
2025-11-17	Monday	Elizabeth of Hungary, Married Woman, Religious Obligatory Memorial	First Maccabees 1: 10-15, 41-43, 54-57, 62-63	Psalms 119: 53, 61, 134, 150, 155, 158		John 8: 12	Luke 18: 35-43	Mass-Readings-November-2025-PDF-Download.pdf
2025-11-18	Tuesday	Ordinary Weekday/ Dedication of the Churches of Peter and Paul/ Rose Philippine Duchesne, Virgin, Religious, Missionary - Proper	Acts 28: 11-16, 30-31	Psalms 98: 1, 2-3ab, 3cd-4, 5-6			Matthew 14: 22-33	Mass-Readings-November-2025-PDF-Download.pdf
2025-11-19	Wednesday	Ordinary Weekday						Mass-Readings-November-2025-PDF-Download.pdf
2025-11-20	Thursday	Ordinary Weekday	First Maccabees 2: 15-29	Psalms 50: 1b-2, 5-6, 14-15		Psalms 95: 8	Luke 19: 41-44	Mass-Readings-November-2025-PDF-Download.pdf
2025-11-21	Friday	Presentation of the Blessed Virgin Mary Obligatory Memorial						Mass-Readings-November-2025-PDF-Download.pdf
2025-11-22	Saturday	Cecilia, Virgin, Martyr Obligatory Memorial	First Maccabees 6: 1-13	Psalms 9: 2-3, 4 and 6, 16 and 19		Second Timothy 1: 10	Luke 20: 27-40	Mass-Readings-November-2025-PDF-Download.pdf
2025-11-23	Sunday	Christ the King Solemnity (Thirty- Fourth and Last Sunday in Ordinary Time)	Second Samuel 5: 1-3	Psalms 122: 1-2, 3-4ab, 4cd-5	Colossians 1: 12-20	Mark 11: 9, 10	Luke 23: 35-43	Mass-Readings-November-2025-PDF-Download.pdf
2025-11-24	Monday	Andrew Dung-Lac, Priest, Martyr, & Companions, Martyrs Obligatory Memorial	Daniel 1: 1-6, 8-20	Daniel 3: 52, 53, 54, 55, 56		Matthew 24: 42a, 44	Luke 21: 1-4	Mass-Readings-November-2025-PDF-Download.pdf
2025-11-25	Tuesday	Ordinary Weekday/ Catherine of Alexandria, Virgin, Martyr	Daniel 2: 31-45	Daniel 3: 57, 58, 59, 60, 61		Revelation 2: 10c	Luke 21: 5-11	Mass-Readings-November-2025-PDF-Download.pdf
2025-11-26	Wednesday	Ordinary Weekday	Daniel 5: 1-6, 13-14, 16-17, 23-28	Daniel 3: 62, 63, 64, 65, 66, 67		Revelation 2: 10c	Luke 21: 12-19	Mass-Readings-November-2025-PDF-Download.pdf
2025-11-27	Thursday	Ordinary Weekday/ Thanksgiving Day - Proper	Sirach 50: 22-24	Psalms 145: 2-3, 4-5, 6-7, 8-9, 10-11	First Corinthians 1: 3-9	First Thessalonians 5: 18	Luke 17: 11-19	Mass-Readings-November-2025-PDF-Download.pdf
2025-11-28	Friday	Ordinary Weekday	Daniel 7: 2-14	Daniel 3: 75, 76, 77, 78, 79, 80, 81		Luke 21: 28	Luke 21: 29-33	Mass-Readings-November-2025-PDF-Download.pdf
2025-11-29	Saturday	Ordinary Weekday/ Optional Memorial of the Blessed Virgin Mary	Daniel 7: 15-27	Daniel 3: 82, 83, 84, 85, 86, 87		Luke 21: 36	Luke 21: 34-36	Mass-Readings-November-2025-PDF-Download.pdf
2025-11-30	Sunday	First Sunday of Advent	Isaiah 2: 1-5	Psalms 122: 1-2, 3-4ab, 4cd-5, 6-7, 8-9	Romans 13: 11-14	Psalms 85: 8	Matthew 24: 37-44 Note: The Douay Rheims Catholic Bible is used for the Mass Readings. If you wish to read the Mass readings from the New Jerusalem Bible, check Today's Mass Reading from NJB. The New Jerusalem Bible is used at Mass in most of the English-speaking world. December (2025) Mass Readings Download December (2025) Mass Readings Download This ﬁle is copyrighted to CatholicGallery.Org. You are free to print, share, and redistribute it without any restrictions. The only restriction is not to modify the ﬁle in any way. Please keep the logo and other copyright notices intact. This service is provided free of charge by Catholic Gallery. Please report any errors or broken links to info@catholicgallery.org	Mass-Readings-November-2025-PDF-Download.pdf
2025-12-01	Monday	Advent Weekday						Mass-Readings-December-2025-PDF-Download.pdf
2025-12-02	Tuesday	Advent Weekday	Isaiah 11: 1-10	Psalms 72: 1-2, 7-8, 12-13, 17		Psalms 80: 4	Luke 10: 21-24	Mass-Readings-December-2025-PDF-Download.pdf
2025-12-03	Wednesday	Francis Xavier, Priest, Missionary Obligatory Memorial	Isaiah 25: 6-10a	Psalms 23: 1-3a, 3b-4, 5, 6			Matthew 15: 29-37	Mass-Readings-December-2025-PDF-Download.pdf
2025-12-04	Thursday	Advent Weekday/ John of Damascus, Priest, Religious, Doctor	Isaiah 26: 1-6	Psalms 118: 1 and 8-9, 19-21, 25- 27a		Isaiah 55: 6	Matthew 7: 21, 24-27	Mass-Readings-December-2025-PDF-Download.pdf
2025-12-05	Friday	Advent Weekday	Isaiah 29: 17-24	Psalms 27: 1, 4, 13-14			Matthew 9: 27-31	Mass-Readings-December-2025-PDF-Download.pdf
2025-12-06	Saturday	Advent Weekday/ Nicholas, Bishop	Isaiah 30: 19-21, 23-26	Psalms 147: 1-2, 3-4, 5-6		Isaiah 33: 22	Matthew 9: 35 - 10: 1, 5a, 6-8	Mass-Readings-December-2025-PDF-Download.pdf
2025-12-07	Sunday	Second Sunday of Advent	Isaiah 11: 1-10	Psalms 72: 1-2, 7-8, 12-13, 17	Romans 15: 4-9	Luke 3: 4, 6	Matthew 3: 1-12	Mass-Readings-December-2025-PDF-Download.pdf
2025-12-08	Monday	Immaculate Conception of the Blessed Virgin Mary Solemnity, Holy Day of Obligation	Genesis 3: 9-15, 20	Psalms 98: 1, 2-3ab, 3cd-4	Ephesians 1: 3-6, 11-12	Luke 1: 28	Luke 1: 26-38	Mass-Readings-December-2025-PDF-Download.pdf
2025-12-09	Tuesday	Advent Weekday/ Juan Diego, Hermit	Isaiah 40: 1-11	Psalms 96: 1-2, 3 and 10ac, 11-12, 13			Matthew 18: 12-14	Mass-Readings-December-2025-PDF-Download.pdf
2025-12-10	Wednesday	Advent Weekday						Mass-Readings-December-2025-PDF-Download.pdf
2025-12-11	Thursday	Advent Weekday/ Damasus I, Pope						Mass-Readings-December-2025-PDF-Download.pdf
2025-12-12	Friday	Our Lady of Guadalupe Feast	Zechariah 2: 14-17 or Revelation 11: 19a; 12: 1-6a, 10ab	Judith 13: 18bcde, 19		Isaiah 45: 8	Luke 1: 26-38 or Luke 1: 39-47	Mass-Readings-December-2025-PDF-Download.pdf
2025-12-13	Saturday	Lucy, Virgin, Martyr Obligatory Memorial	Sirach 48: 1-4, 9-11	Psalms 80: 2ac and 3b, 15-16, 18-19		Luke 3: 4, 6	Matthew 17: 9a, 10-13	Mass-Readings-December-2025-PDF-Download.pdf
2025-12-14	Sunday	Third Sunday of Advent						Mass-Readings-December-2025-PDF-Download.pdf
2025-12-15	Monday	Advent Weekday	Numbers 24: 2-7, 15-17	Psalms 25: 4-5ab, 6 and 7bc, 8- 9	James 5: 7-10	Psalms 85: 8	Matthew 21: 23-27	Mass-Readings-December-2025-PDF-Download.pdf
2025-12-16	Tuesday	Advent Weekday						Mass-Readings-December-2025-PDF-Download.pdf
2025-12-17	Wednesday	Advent Weekday (O Sapientia)						Mass-Readings-December-2025-PDF-Download.pdf
2025-12-18	Thursday	Advent Weekday (O Adonai)	Jeremiah 23: 5-8	Psalms 72: 1-2, 12-13, 18-19			Matthew 1: 18-25	Mass-Readings-December-2025-PDF-Download.pdf
2025-12-19	Friday	Advent Weekday (O Radix Jesse)						Mass-Readings-December-2025-PDF-Download.pdf
2025-12-20	Saturday	Advent Weekday (O Clavis David)						Mass-Readings-December-2025-PDF-Download.pdf
2025-12-21	Sunday	Fourth Sunday of Advent (O Oriens)	Isaiah 7: 10-14	Psalms 24: 1-2, 3-4, 5-6	Romans 1: 1-7	Matthew 1: 23	Matthew 1: 18-24	Mass-Readings-December-2025-PDF-Download.pdf
2025-12-22	Monday	Advent Weekday (O Rex Gentium)	First Samuel 1: 24-28	First Samuel 2: 1, 4-5, 6-7, 8abcd			Luke 1: 46-56	Mass-Readings-December-2025-PDF-Download.pdf
2025-12-23	Tuesday	Advent Weekday (O Emmanuel)/ John of Kanty, Priest	Malachi 3: 1-4, 4: 5-6	Psalms 25: 4-5ab, 8-9, 10 and 14			Luke 1: 57-66	Mass-Readings-December-2025-PDF-Download.pdf
2025-12-24	Wednesday	Advent Weekday	Second Samuel 7: 1-5, 8b-12, 14a, 16	Psalms 89: 2-3, 4-5, 27 and 29			Luke 1: 67-79	Mass-Readings-December-2025-PDF-Download.pdf
2025-12-25	Thursday	The Nativity of the Lord Solemnity - Day	Isaiah 52: 7-10	Psalms 98: 1, 2-3, 3-4, 5-6	Hebrews 1: 1-6		John 1: 1-18	Mass-Readings-December-2025-PDF-Download.pdf
2025-12-26	Friday	Stephen, Protomartyr Feast						Mass-Readings-December-2025-PDF-Download.pdf
2025-12-27	Saturday	John, Apostle, Evangelist Feast	First John 1: 1-4	Psalms 97: 1-2, 5-6, 11-12		Psalms 118: 26a, 27a	John 20: 1a and 2-8	Mass-Readings-December-2025-PDF-Download.pdf
2025-12-28	Sunday	Holy Family Feast	Sirach 3: 2-6, 12-14	Psalms 128: 1-2, 3, 4-5	Colossians 3: 12-21 or Colossians 3: 12-17	Colossians 3: 15a, 16a	Matthew 2: 13-15, 19-23	Mass-Readings-December-2025-PDF-Download.pdf
2025-12-29	Monday	Christmas Weekday/ Thomas Becket, Bishop, Martyr	First John 2: 3-11	Psalms 96: 1-2a, 2b-3, 5b-6		Luke 2: 32	Luke 2: 22-35	Mass-Readings-December-2025-PDF-Download.pdf
2025-12-30	Tuesday	Christmas Weekday	First John 2: 12-17	Psalms 96: 7-8a, 8b-9, 10			Luke 2: 36-40	Mass-Readings-December-2025-PDF-Download.pdf
2025-12-31	Wednesday	Christmas Weekday/ Sylvester I, Pope	First John 2: 18-21	Psalms 96: 1-2, 11-12, 13		John 1: 14a, 12a	John 1: 1-18 Note: The Douay Rheims Catholic Bible is used for the Mass Readings. If you wish to read the Mass readings from the New Jerusalem Bible, check Today's Mass Reading from NJB. The New Jerusalem Bible is used at Mass in most of the English-speaking world. January (2026) Mass Readings Download January (2026) Mass Readings Download This ﬁle is copyrighted to CatholicGallery.Org. You are free to print, share, and redistribute it without any restrictions. The only restriction is not to modify the ﬁle in any way. Please keep the logo and other copyright notices intact. This service is provided free of charge by Catholic Gallery. Please report any errors or broken links to info@catholicgallery.org	Mass-Readings-December-2025-PDF-Download.pdf
2026-01-01	Thursday	Mary, Mother of God Solemnity (Octave of Christmas). Holy day of Obligation.						Mass-Readings-January-2026-PDF-Download.pdf
2026-01-02	Friday	Basil the Great and Gregory Nazianzen, Bishops, Doctors Obligatory Memorial	First John 2: 22-28	Psalms 98: 1, 2-3ab, 3cd-4	Galatians 4: 4-7	Hebrews 1: 1-2	John 1: 19-28	Mass-Readings-January-2026-PDF-Download.pdf
2026-01-03	Saturday	Christmas Weekday/ Holy Name of Jesus	First John 2: 29 - 3: 6	Psalms 98: 1, 3cd-4, 5-6		John 1: 14a, 12a	John 1: 29-34	Mass-Readings-January-2026-PDF-Download.pdf
2026-01-04	Sunday	Epiphany of the Lord Solemnity	Isaiah 60: 1-6	Psalms 72: 1-2, 7-8, 10-11, 12-13	Ephesians 3: 2-3a, 5-6	Matthew 2: 2	Matthew 2: 1-12	Mass-Readings-January-2026-PDF-Download.pdf
2026-01-05	Monday	John Neumann, Bishop Obligatory Memorial						Mass-Readings-January-2026-PDF-Download.pdf
2026-01-06	Tuesday	Christmas Weekday/ André Bessette, Religious	First John 4: 7-10	Psalms 72: 1-2, 3-4, 7-8		Luke 4: 18	Mark 6: 34-44	Mass-Readings-January-2026-PDF-Download.pdf
2026-01-07	Wednesday	Christmas Weekday/ Raymond of Peñafort, Priest	First John 4: 11-18	Psalms 72: 1-2, 10, 12-13		First Timothy 3: 16	Mark 6: 45-52	Mass-Readings-January-2026-PDF-Download.pdf
2026-01-08	Thursday	Christmas Weekday						Mass-Readings-January-2026-PDF-Download.pdf
2026-01-09	Friday	Christmas Weekday	First John 5: 5-13	Psalms 147: 12-13, 14-15, 19-20		Matthew 4: 23	Luke 5: 12-16	Mass-Readings-January-2026-PDF-Download.pdf
2026-01-10	Saturday	Christmas Weekday						Mass-Readings-January-2026-PDF-Download.pdf
2026-01-11	Sunday	Baptism of the Lord Feast						Mass-Readings-January-2026-PDF-Download.pdf
2026-01-12	Monday	Ordinary Weekday	First Samuel 1: 1-8	Psalms 116: 12-13, 14-16, 18-19	Acts 10: 34-38	Mark 1: 15	Mark 1: 14-20 Page 1 of 3	Mass-Readings-January-2026-PDF-Download.pdf
2026-01-13	Tuesday	Ordinary Weekday/ Hilary, Bishop, Doctor	First Samuel 1: 9-20	First Samuel 2: 1, 4-5, 6-7, 8abcd		First Thessalonians 2: 13	Mark 1: 21-28	Mass-Readings-January-2026-PDF-Download.pdf
2026-01-14	Wednesday	Ordinary Weekday						Mass-Readings-January-2026-PDF-Download.pdf
2026-01-15	Thursday	Ordinary Weekday	First Samuel 4: 1-11	Psalms 44: 10-11, 14-15, 24-25		Matthew 4: 23	Mark 1: 40-45	Mass-Readings-January-2026-PDF-Download.pdf
2026-01-16	Friday	Ordinary Weekday	First Samuel 8: 4-7, 10-22a	Psalms 89: 16-17, 18-19		Luke 7: 16	Mark 2: 1-12	Mass-Readings-January-2026-PDF-Download.pdf
2026-01-17	Saturday	Anthony, Abbot Obligatory Memorial	First Samuel 9: 1-4, 17-19; 10: 1	Psalms 21: 2-3, 4-5, 6-7		Luke 4: 18	Mark 2: 13-17	Mass-Readings-January-2026-PDF-Download.pdf
2026-01-18	Sunday	Second Sunday in Ordinary Time	Isaiah 49: 3, 5-6	Psalms 40: 2, 4, 7-8, 8-9, 10	First Corinthians 1: 1-3	John 1: 14a, 12a	John 1: 29-34	Mass-Readings-January-2026-PDF-Download.pdf
2026-01-19	Monday	Ordinary Weekday	First Samuel 15: 16-23	Psalms 50: 8-9, 16bc-17, 21 and 23		Hebrews 4: 12	Mark 2: 18-22	Mass-Readings-January-2026-PDF-Download.pdf
2026-01-20	Tuesday	Ordinary Weekday/ Fabian, Pope, Martyr/ Sebastian, Martyr						Mass-Readings-January-2026-PDF-Download.pdf
2026-01-21	Wednesday	Agnes, Virgin, Martyr Obligatory Memorial	First Samuel 17: 32-33, 37, 40-51	Psalms 144: 1b, 2, 9-10		Matthew 4: 23	Mark 3: 1-6	Mass-Readings-January-2026-PDF-Download.pdf
2026-01-22	Thursday	Day of Prayer for the Legal Protection of Unborn Children Obligatory Memorial	First Samuel 18: 6-9; 19: 1-7	Psalms 56: 2-3, 9-10a, 10b-12, 13-14		Second Timothy 1: 10	Mark 3: 7-12	Mass-Readings-January-2026-PDF-Download.pdf
2026-01-23	Friday	Ordinary Weekday/ Vincent of Saragossa, deacon, Martyr/ Marianne Cope, Virgin	First Samuel 24: 3-21	Psalms 57: 2, 3-4, 6 and 11		Second Corinthians 5: 19	Mark 3: 13-19	Mass-Readings-January-2026-PDF-Download.pdf
2026-01-24	Saturday	Francis De Sales, Bishop, Religious Founder, Doctor Obligatory Memorial	Second Samuel 1: 1-4, 11-12, 19, 23-27	Psalms 80: 2-3, 5-7		Acts 16: 14b	Mark 3: 20-21 Page 2 of 3	Mass-Readings-January-2026-PDF-Download.pdf
2026-01-25	Sunday	Third Sunday in Ordinary Time	Isaiah 8: 23 - 9: 3	Psalms 27: 1, 4, 13-14	First Corinthians 1: 10-13, 17	Matthew 4: 23	Matthew 4: 12-23 or Matthew 4: 12-17	Mass-Readings-January-2026-PDF-Download.pdf
2026-01-26	Monday	Timothy and Titus, Bishops Obligatory Memorial	Second Timothy 1: 1-8 or Titus 1: 1-5	Psalms 96: 1-2a, 2b-3, 7-8a, 10		Second Timothy 1: 10	Mark 3: 22-30	Mass-Readings-January-2026-PDF-Download.pdf
2026-01-27	Tuesday	Ordinary Weekday/ Angela Merici, Virgin, Religious Founder	Second Samuel 6: 12b-15, 17-19	Psalms 24: 7, 8, 9, 10		Matthew 11: 25	Mark 3: 31-35	Mass-Readings-January-2026-PDF-Download.pdf
2026-01-28	Wednesday	Thomas Aquinas, Priest, Religious, Doctor Obligatory Memorial	Second Samuel 11: 1-4a, 5-10a, 13-17	Psalms 51: 3-4, 5-6a, 6bcd-7, 10-11		Matthew 11: 25	Mark 4: 26-34	Mass-Readings-January-2026-PDF-Download.pdf
2026-01-29	Thursday	Ordinary Weekday						Mass-Readings-January-2026-PDF-Download.pdf
2026-01-30	Friday	Ordinary Weekday						Mass-Readings-January-2026-PDF-Download.pdf
2026-01-31	Saturday	John Bosco, Priest, Religious Founder Obligatory Memorial	Second Samuel 12: 1-7a, 10-17	Psalms 51: 12-13, 14-15, 16-17		John 3: 16	Mark 4: 35-41 Note: The Douay Rheims Catholic Bible is used for the Mass Readings. If you wish to read the Mass readings from the New Jerusalem Bible, check Today's Mass Reading from NJB. The New Jerusalem Bible is used at Mass in most of the English-speaking world. February (2026) Mass Readings Download February (2026) Mass Readings Download This ﬁle is copyrighted to CatholicGallery.Org. You are free to print, share, and redistribute it without any restrictions. The only restriction is not to modify the ﬁle in any way. Please keep the logo and other copyright notices intact. This service is provided free of charge by Catholic Gallery. Please report any errors or broken links to info@catholicgallery.org Page 3 of 3	Mass-Readings-January-2026-PDF-Download.pdf
2026-02-01	Sunday	Fourth Sunday in Ordinary Time						Mass-Readings-February-2026-PDF-Download.pdf
2026-02-02	Monday	Presentation of the Lord Feast	Malachi 3: 1-4	Psalms 24: 7, 8, 9, 10	Hebrews 2: 14-18	Luke 2: 32	Luke 2: 22-40 or Luke 2: 22-32	Mass-Readings-February-2026-PDF-Download.pdf
2026-02-03	Tuesday	Ordinary Weekday/ Blase, Bishop, Martyr/ Ansgar, Bishop, Missionary	Second Samuel 18: 9-10, 14, 24- 25a, 30 - 19: 3	Psalms 86: 1-2, 3-4, 5-6		Matthew 8: 17	Mark 5: 21-43	Mass-Readings-February-2026-PDF-Download.pdf
2026-02-04	Wednesday	Ordinary Weekday	Second Samuel 24: 2, 9-17	Psalms 32: 1-2, 5, 6, 7		John 10: 27	Mark 6: 1-6	Mass-Readings-February-2026-PDF-Download.pdf
2026-02-05	Thursday	Agatha, Virgin, Martyr Obligatory Memorial	First Kings 2: 1-4, 10-12	First Chronicles 29: 10, 11ab, 11d-12a, 12bcd		Mark 1: 15	Mark 6: 7-13	Mass-Readings-February-2026-PDF-Download.pdf
2026-02-06	Friday	Paul Miki, Priest, Martyr, and Companions, Martyrs Obligatory Memorial	Sirach 47: 2-11	Psalms 18: 31, 47 and 50, 51		Luke 8: 15	Mark 6: 14-29	Mass-Readings-February-2026-PDF-Download.pdf
2026-02-07	Saturday	Ordinary Weekday/ Optional Memorial of the Blessed Virgin Mary	First Kings 3: 4-13	Psalms 119: 9, 10, 11, 12, 13, 14		John 10: 27	Mark 6: 30-34	Mass-Readings-February-2026-PDF-Download.pdf
2026-02-08	Sunday	Fifth Sunday in Ordinary Time						Mass-Readings-February-2026-PDF-Download.pdf
2026-02-09	Monday	Ordinary Weekday	First Kings 8: 1-7, 9-13	Psalms 132: 6-7, 8-10	First Corinthians 2: 1-5	Matthew 4: 23	Mark 6: 53-56	Mass-Readings-February-2026-PDF-Download.pdf
2026-02-10	Tuesday	Scholastica, Virgin, Religious Obligatory Memorial	First Kings 8: 22-23, 27-30	Psalms 84: 3, 4, 5 and 10, 11		Psalms 119: 36, 29b	Mark 7: 1-13	Mass-Readings-February-2026-PDF-Download.pdf
2026-02-11	Wednesday	Ordinary Weekday/ Our Lady of Lourdes	First Kings 10: 1-10	Psalms 37: 5-6, 30-31, 39-40		John 17: 17b, 17a	Mark 7: 14-23	Mass-Readings-February-2026-PDF-Download.pdf
2026-02-12	Thursday	Ordinary Weekday	First Kings 11: 4-13	Psalms 106: 3-4, 35-36, 37 and 40		James 1: 21bc	Mark 7: 24-30 Page 1 of 3	Mass-Readings-February-2026-PDF-Download.pdf
2026-02-13	Friday	Ordinary Weekday	First Kings 11: 29-32; 12: 19	Psalms 81: 10-11ab, 12-13, 14-15		Acts 16: 14b	Mark 7: 31-37	Mass-Readings-February-2026-PDF-Download.pdf
2026-02-14	Saturday	Cyril and Methodius, Bishops Obligatory Memorial	First Kings 12: 26-32; 13: 33-34	Psalms 106: 6-7ab, 19-20, 21-22		Matthew 4: 4b	Mark 8: 1-10	Mass-Readings-February-2026-PDF-Download.pdf
2026-02-15	Sunday	Sixth Sunday in Ordinary Time	Sirach 15: 15-20	Psalms 119: 1-2, 4-5, 17-18, 33-34	First Corinthians 2: 6-10	Matthew 11: 25	Matthew 5: 17-37	Mass-Readings-February-2026-PDF-Download.pdf
2026-02-16	Monday	Ordinary Weekday	James 1: 1-11	Psalms 119: 67, 68, 71, 72, 75, 76		John 14: 6	Mark 8: 11-13	Mass-Readings-February-2026-PDF-Download.pdf
2026-02-17	Tuesday	Ordinary Weekday/ Seven Founders of the Order of Servites, Religious	James 1: 12-18	Psalms 94: 12-13a, 14-15, 18-19		John 14: 23	Mark 8: 14-21	Mass-Readings-February-2026-PDF-Download.pdf
2026-02-18	Wednesday	Ash Wednesday. Begin Lenten Preparation for the Easter Triduum. Not a Holy Day of Obligation. Day of Fast (ages 18-59) and Abstinence from Meat (age 14 and up)	Joel 2: 12-18	Psalms 51: 3-4, 5-6ab, 12-13, 14 and 17	Second Corinthians 5: 20 - 6:2 Verse Before the Gospel: Psalms 95: 8		Matthew 6: 1-6, 16-18	Mass-Readings-February-2026-PDF-Download.pdf
2026-02-19	Thursday	Thursday After Ash Wednesday	Deuteronomy 30: 15-20	Psalms 1: 1-2, 3, 4 and 6 Verse Before the Gospel: Matthew 4: 17			Luke 9: 22-25	Mass-Readings-February-2026-PDF-Download.pdf
2026-02-20	Friday	Friday After Ash Wednesday. Day of Abstinence from Meat (age 14 and up)	Isaiah 58: 1-9a	Psalms 51: 3-4, 5-6ab, 18-19 Verse Before the Gospel: Amos 5: 14			Matthew 9: 14-15	Mass-Readings-February-2026-PDF-Download.pdf
2026-02-21	Saturday	Saturday After Ash Wednesday/ Peter Damian, Bishop, Doctor	Isaiah 58: 9b-14	Psalms 86: 1-2, 3-4, 5-6 Verse Before the Gospel: Ezekiel 33: 11			Luke 5: 27-32	Mass-Readings-February-2026-PDF-Download.pdf
2026-02-22	Sunday	First Sunday of Lent	Genesis 2: 7-9; 3: 1-7	Psalms 51: 3-4, 5-6, 12-13, 14 and 17	Romans 5: 12-19 or 5: 12, 17-19 Verse Before the Gospel: Matthew 4: 4b		Matthew 4:1-11	Mass-Readings-February-2026-PDF-Download.pdf
2026-02-23	Monday	Lenten Weekday/ Polycarp, Bishop, Martyr	Leviticus 19: 1-2, 11-18	Psalms 19: 8, 9, 10, 15 Verse Before the Gospel: Second Corinthians 6: 2b			Matthew 25: 31-46	Mass-Readings-February-2026-PDF-Download.pdf
2026-02-24	Tuesday	Lenten Weekday	Isaiah 55: 10-11	Psalms 34: 4-5, 6-7, 16-17, 18-19 Verse Before the Gospel: Matthew 4: 4b			Matthew 6: 7-15 Page 2 of 3	Mass-Readings-February-2026-PDF-Download.pdf
2026-02-25	Wednesday	Lenten Weekday						Mass-Readings-February-2026-PDF-Download.pdf
2026-02-26	Thursday	Lenten Weekday	Esther C: 12, 14-16, 23-25	Psalms 138: 1-2ab, 2cde-3, 7c-8 Verse Before the Gospel: Psalms 51: 12a,14a			Matthew 7: 7-12	Mass-Readings-February-2026-PDF-Download.pdf
2026-02-27	Friday	Lenten Weekday. Day of Abstinence from Meat (age 14 and up)	Ezekiel 18: 21-28	Psalms 130: 1-2, 3-4, 5-6, 7-8 Verse Before the Gospel: Ezekiel 18: 31			Matthew 5: 20-26	Mass-Readings-February-2026-PDF-Download.pdf
2026-02-28	Saturday	Lenten Weekday	Deuteronomy 26: 16-19	Psalms 119: 1-2, 4-5, 7-8 Verse Before the Gospel: Second Corinthians 6: 2b			Matthew 5: 43-48 Note: The Douay Rheims Catholic Bible is used for the Mass Readings. If you wish to read the Mass readings from the New Jerusalem Bible, check Today's Mass Reading from NJB. The New Jerusalem Bible is used at Mass in most of the English-speaking world. March (2026) Mass Readings Download March (2026) Mass Readings Download This ﬁle is copyrighted to CatholicGallery.Org. You are free to print, share, and redistribute it without any restrictions. The only restriction is not to modify the ﬁle in any way. Please keep the logo and other copyright notices intact. This service is provided free of charge by Catholic Gallery. Please report any errors or broken links to info@catholicgallery.org Page 3 of 3	Mass-Readings-February-2026-PDF-Download.pdf
2026-03-01	Sunday	Second Sunday of Lent						Mass-Readings-March-2026-PDF-Download.pdf
2026-03-02	Monday	Lenten Weekday	Daniel 9: 4b-10	Psalms 79: 8, 9, 11 and 13 Verse Before the Gospel: John 6: 63c, 68c	Second Timothy 1: 8b-10 Verse Before the Gospel: Matthew 17: 5		Luke 6: 36-38	Mass-Readings-March-2026-PDF-Download.pdf
2026-03-03	Tuesday	Lenten Weekday/ Katharine Drexel, Virgin, Religious Founder	Isaiah 1: 10, 16-20	Psalms 50: 8-9, 16bc-17, 21 and 23 Verse Before the Gospel: Ezekiel 18: 31			Matthew 23: 1-12	Mass-Readings-March-2026-PDF-Download.pdf
2026-03-04	Wednesday	Lenten Weekday/ Casimir	Jeremiah 18: 18-20	Psalms 31: 5-6, 14, 15-16 Verse Before the Gospel: John 8: 12			Matthew 20: 17-28	Mass-Readings-March-2026-PDF-Download.pdf
2026-03-05	Thursday	Lenten Weekday	Jeremiah 17: 5-10	Psalms 1: 1-2, 3, 4 and 6 Verse Before the Gospel: Luke 8: 15			Luke 16: 19-31	Mass-Readings-March-2026-PDF-Download.pdf
2026-03-06	Friday	Lenten Weekday. Day of Abstinence from Meat (age 14 and up)	Genesis 37: 3-4, 12-13a, 17b-28	Psalms 105: 16-17, 18-19, 20-21 Verse Before the Gospel: John 3: 16			Matthew 21: 33-43, 45-46	Mass-Readings-March-2026-PDF-Download.pdf
2026-03-07	Saturday	Lenten Weekday/ Perpetua and Felicity, Martyrs						Mass-Readings-March-2026-PDF-Download.pdf
2026-03-08	Sunday	Third Sunday of Lent. First Scrutiny of the Elect						Mass-Readings-March-2026-PDF-Download.pdf
2026-03-09	Monday	Lenten Weekday/ Frances of Rome, Married Woman, Religious Founder	Second Kings 5: 1-15	Psalms 42: 2, 3; 43: 3, 4 Verse Before the Gospel: Psalms 130: 5, 7	Romans 5: 1-2, 5-8 Verse Before the Gospel: John 4: 42, 15		Luke 4: 24-30	Mass-Readings-March-2026-PDF-Download.pdf
2026-03-10	Tuesday	Lenten Weekday						Mass-Readings-March-2026-PDF-Download.pdf
2026-03-11	Wednesday	Lenten Weekday						Mass-Readings-March-2026-PDF-Download.pdf
2026-03-12	Thursday	Lenten Weekday	Jeremiah 7: 23-28	Psalms 95: 1-2, 6-7, 8-9 Verse Before the Gospel: Joel 2: 12-13			Luke 11: 14-23 Page 1 of 3	Mass-Readings-March-2026-PDF-Download.pdf
2026-03-13	Friday	Lenten Weekday. Day of Abstinence from Meat (age 14 and up)	Hosea 14: 2-10	Psalms 81: 6c-8a, 8bc-9, 10- 11ab, 14 and 17 Verse Before the Gospel: Matthew 4: 17			Mark 12: 28-34	Mass-Readings-March-2026-PDF-Download.pdf
2026-03-14	Saturday	Lenten Weekday	Hosea 6: 1-6	Psalms 51: 3-4, 18-19, 20-21ab Verse Before the Gospel: Psalms 95: 8			Luke 18: 9-14	Mass-Readings-March-2026-PDF-Download.pdf
2026-03-15	Sunday	Fourth Sunday of Lent. Second Scrutiny of the Elect	First Samuel 16: 1, 6-7, 10-13	Psalms 23: 1-3a, 3b-4, 5, 6	Ephesians 5: 8-14 Verse Before the Gospel: John 8: 12		John 9: 1-41	Mass-Readings-March-2026-PDF-Download.pdf
2026-03-16	Monday	Lenten Weekday	Isaiah 65: 17-21	Psalms 30: 2 and 4, 5-6, 11-12a and 13b Verse Before the Gospel: Amos 5: 14			John 4: 43-54	Mass-Readings-March-2026-PDF-Download.pdf
2026-03-17	Tuesday	Lenten Weekday/ Patrick, Bishop, Missionary						Mass-Readings-March-2026-PDF-Download.pdf
2026-03-18	Wednesday	Lenten Weekday/ Cyril of Jerusalem, Bishop, Doctor	Isaiah 49: 8-15	Psalms 145: 8-9, 13cd-14, 17-18 Verse Before the Gospel: John 11: 25a, 26			John 5: 17-30	Mass-Readings-March-2026-PDF-Download.pdf
2026-03-19	Thursday	Joseph, Husband of Mary Solemnity	Second Samuel 7: 4-5a, 12-14a, 16	Psalms 89: 2-3, 4-5, 27 and 29	Romans 4: 13, 16-18, 22 Verse Before the Gospel: Psalms 84: 5		Matthew 1: 16, 18-21, 24 or Luke 2: 41-51a	Mass-Readings-March-2026-PDF-Download.pdf
2026-03-20	Friday	Lenten Weekday. Day of Abstinence from Meat (age 14 and up)	Wisdom 2: 1a, 12-22	Psalms 34: 17-18, 19-20, 21 and 23 Verse Before the Gospel: Matthew 4: 4b			John 7: 1-2, 10, 25-30	Mass-Readings-March-2026-PDF-Download.pdf
2026-03-21	Saturday	Lenten Weekday	Jeremiah 11: 18-20	Psalms 7: 2-3, 9bc-10, 11-12 Verse Before the Gospel: Luke 8: 15			John 7: 40-53	Mass-Readings-March-2026-PDF-Download.pdf
2026-03-22	Sunday	Fifth Sunday of Lent. Third Scrutiny of the Elect						Mass-Readings-March-2026-PDF-Download.pdf
2026-03-23	Monday	Lenten Weekday/ Toribio De Mogrovejo, Bishop	Daniel 13: 1-9, 15-17, 19-30, 33-62 or Daniel 13: 41c-62	Psalms 23: 1-3a, 3b-4, 5, 6 Verse Before the Gospel: Ezekiel 33: 11	Romans 8: 8-11 Verse Before the Gospel: John 11: 25a, 26		John 8: 1-11	Mass-Readings-March-2026-PDF-Download.pdf
2026-03-24	Tuesday	Lenten Weekday	Numbers 21: 4-9	Psalms 102: 2-3, 16-18, 19-21			John 8: 21-30 Page 2 of 3	Mass-Readings-March-2026-PDF-Download.pdf
2026-03-25	Wednesday	Annunciation of the Lord Solemnity						Mass-Readings-March-2026-PDF-Download.pdf
2026-03-26	Thursday	Lenten Weekday	Genesis 17: 3-9	Psalms 105: 4-5, 6-7, 8-9 Verse Before the Gospel: Psalms 95: 8	Hebrews 10: 4-10 Verse Before the Gospel: John 1: 14ab		John 8: 51-59	Mass-Readings-March-2026-PDF-Download.pdf
2026-03-27	Friday	Lenten Weekday. Day of Abstinence from Meat (age 14 and up)	Jeremiah 20: 10-13	Psalms 18: 2-3a, 3bc-4, 5-6, 7 Verse Before the Gospel: John 6: 63c, 68c			John 10: 31-42	Mass-Readings-March-2026-PDF-Download.pdf
2026-03-28	Saturday	Lenten Weekday						Mass-Readings-March-2026-PDF-Download.pdf
2026-03-29	Sunday	Palm Sunday of the Lord's Passion						Mass-Readings-March-2026-PDF-Download.pdf
2026-03-30	Monday	Monday of Holy Week	Isaiah 50: 4-7	Psalms 22: 8-9, 17-18, 19-20, 23- 24	Philippians 2: 6-11 Verse Before the Gospel: Philippians 2: 8- 9		Matthew 26: 14 - 27: 66 or Matthew 27: 11-54	Mass-Readings-March-2026-PDF-Download.pdf
2026-03-31	Tuesday	Tuesday of Holy Week	Isaiah 49: 1-6	Psalms 71: 1-2, 3-4a, 5ab-6ab, 15 and 17			John 13: 21-33, 36-38 Note: The Douay Rheims Catholic Bible is used for the Mass Readings. If you wish to read the Mass readings from the New Jerusalem Bible, check Today's Mass Reading from NJB. The New Jerusalem Bible is used at Mass in most of the English-speaking world. April (2026) Mass Readings Download April (2026) Mass Readings Download This ﬁle is copyrighted to CatholicGallery.Org. You are free to print, share, and redistribute it without any restrictions. The only restriction is not to modify the ﬁle in any way. Please keep the logo and other copyright notices intact. This service is provided free of charge by Catholic Gallery. Please report any errors or broken links to info@catholicgallery.org Page 3 of 3	Mass-Readings-March-2026-PDF-Download.pdf
2026-04-01	Wednesday	Wednesday of Holy Week	Isaiah 50: 4-9a	Psalms 69: 8-10, 21-22, 31 and 33-34			Matthew 26: 14-25	Mass-Readings-April-2026-PDF-Download.pdf
2026-04-02	Thursday	Holy Thursday. At Evening, Begin Easter Triduum of the Lord's Passion, Death and Resurrection	Exodus 12: 1-8, 11-14	Psalms 116: 12-13, 15-16bc, 17-18	First Corinthians 11: 23-26 Verse Before the Gospel: John 13: 34		John 13: 1-15	Mass-Readings-April-2026-PDF-Download.pdf
2026-04-03	Friday	Good Friday. Day of Fast (ages 18- 59) and Abstinence from Meat (age 14 and up)	Isaiah 52: 13 - 53: 12	Psalms 31: 2, 6, 12-13, 15-16, 17, 25	Hebrews 4: 14-16; 5: 7-9 Verse Before the Gospel: Philippians 2: 8- 9		John 18: 1 - 19: 42	Mass-Readings-April-2026-PDF-Download.pdf
2026-04-04	Saturday	Holy Saturday	Genesis 1: 1 - 2: 2 or 1: 1, 26-31a	Psalms 118: 1-2, 16-17, 22-23	Genesis 22: 1-18 or 22: 1-2, 9a, 10-13, 15-18		Matthew 28: 1-10	Mass-Readings-April-2026-PDF-Download.pdf
2026-04-05	Sunday	Easter Sunday. The Resurrection of Our Lord and Savior Jesus Christ.	Acts 10: 34a, 37-43	Psalms 118: 1-2, 16-17, 22-23	Colossians 3: 1-4 or First Corinthians 5: 6b-8	First Corinthians 5: 7b-8a	John 20: 1-9 or Matthew 28: 1- 10 or, at an afternoon or evening Mass, Luke 24: 13-35	Mass-Readings-April-2026-PDF-Download.pdf
2026-04-06	Monday	Easter Monday						Mass-Readings-April-2026-PDF-Download.pdf
2026-04-07	Tuesday	Easter Tuesday	Acts 2: 36-41	Psalms 33: 4-5, 18-19, 20 and 22		Psalms 118: 24	John 20: 11-18 Page 1 of 3	Mass-Readings-April-2026-PDF-Download.pdf
2026-04-08	Wednesday	Easter Wednesday						Mass-Readings-April-2026-PDF-Download.pdf
2026-04-09	Thursday	Easter Thursday						Mass-Readings-April-2026-PDF-Download.pdf
2026-04-10	Friday	Easter Friday	Acts 3: 11-26	Psalms 8: 2ab and 5, 6-7, 8-9		Psalms 118: 24	Luke 24: 35-48	Mass-Readings-April-2026-PDF-Download.pdf
2026-04-11	Saturday	Easter Saturday						Mass-Readings-April-2026-PDF-Download.pdf
2026-04-12	Sunday	Second Sunday of Easter	Acts 4: 1-12	Psalms 118: 1-2 and 4, 22-24, 25-27a	First Peter 1: 3-9	Psalms 118: 24	John 21: 1-14	Mass-Readings-April-2026-PDF-Download.pdf
2026-04-13	Monday	Easter Weekday/ Martin I, Pope, Martyr	Acts 4: 23-31	Psalms 2: 1-3, 4-6, 7-9		Colossians 3: 1	John 3: 1-8	Mass-Readings-April-2026-PDF-Download.pdf
2026-04-14	Tuesday	Easter Weekday	Acts 4: 32-37	Psalms 93: 1ab, 1cd-2, 5		John 3: 14-15	John 3: 7b-15	Mass-Readings-April-2026-PDF-Download.pdf
2026-04-15	Wednesday	Easter Weekday						Mass-Readings-April-2026-PDF-Download.pdf
2026-04-16	Thursday	Easter Weekday	Acts 5: 27-33	Psalms 34: 2 and 9, 17-18, 19-20		John 20: 29	John 3: 31-36	Mass-Readings-April-2026-PDF-Download.pdf
2026-04-17	Friday	Easter Weekday	Acts 5: 34-42	Psalms 27: 1, 4, 13-14		Matthew 4: 4b	John 6: 1-15	Mass-Readings-April-2026-PDF-Download.pdf
2026-04-18	Saturday	Easter Weekday	Acts 6: 1-7	Psalms 33: 1-2, 4-5, 18-19			John 6: 16-21	Mass-Readings-April-2026-PDF-Download.pdf
2026-04-19	Sunday	Third Sunday of Easter	Acts 2: 14, 22-33	Psalms 16: 1-2, 5, 7-8, 9-10, 11	First Peter 1: 17-21	Luke 24: 32	Luke 24:13-35	Mass-Readings-April-2026-PDF-Download.pdf
2026-04-20	Monday	Easter Weekday	Acts 6: 8-15	Psalms 119: 23-24, 26-27, 29-30		Matthew 4: 4b	John 6: 22-29	Mass-Readings-April-2026-PDF-Download.pdf
2026-04-21	Tuesday	Easter Weekday/ Anselm, Bishop, Religious, Doctor	Acts 7: 51-60	Psalms 31: 3cd-4, 6 and 7b and 8a, 17 and 21ab		John 6: 35ab	John 6: 30-35	Mass-Readings-April-2026-PDF-Download.pdf
2026-04-22	Wednesday	Easter Weekday	Acts 8: 1b-8	Psalms 66: 1-3a, 4-5, 6-7a		John 6: 40	John 6: 35-40 Page 2 of 3	Mass-Readings-April-2026-PDF-Download.pdf
2026-04-23	Thursday	Easter Weekday/ George, Martyr/ Adalbert, Bishop, Martyr						Mass-Readings-April-2026-PDF-Download.pdf
2026-04-24	Friday	Easter Weekday/ Fidelis of Sigmaringen, Priest, Martyr	Acts 9: 1-20	Psalms 117: 1, 2		John 6: 56	John 6: 52-59	Mass-Readings-April-2026-PDF-Download.pdf
2026-04-25	Saturday	Mark, Evangelist Feast	First Peter 5: 5b-14	Psalms 89: 2-3, 6-7, 16-17		First Corinthians 1: 23a, 24b	Mark 16: 15-20	Mass-Readings-April-2026-PDF-Download.pdf
2026-04-26	Sunday	Fourth Sunday of Easter	Acts 2: 14a, 36-41	Psalms 23: 1-3a, 3b-4, 5, 6	First Peter 2: 20b-25	John 10: 14	John 10: 1-10	Mass-Readings-April-2026-PDF-Download.pdf
2026-04-27	Monday	Easter Weekday	Acts 11: 1-18	Psalms 42: 2-3; 43: 3-4		John 10: 14	John 10: 11-18	Mass-Readings-April-2026-PDF-Download.pdf
2026-04-28	Tuesday	Easter Weekday/ Peter Chanel, Priest, Religious, Missionary, Martyr/ Louis Mary De Montfort, Priest	Acts 11: 19-26	Psalms 87: 1b-3, 4-5, 6-7		John 10: 27	John 10: 22-30	Mass-Readings-April-2026-PDF-Download.pdf
2026-04-29	Wednesday	Catherine of Siena, Virgin, Doctor Obligatory Memorial						Mass-Readings-April-2026-PDF-Download.pdf
2026-04-30	Thursday	Easter Weekday/ Pius Virgin, Pope, Religious	Acts 13: 13-25	Psalms 89: 2-3, 21-22, 25 and 27		Revelation 1: 5ab	John 13: 16-20 Note: The Douay Rheims Catholic Bible is used for the Mass Readings. If you wish to read the Mass readings from the New Jerusalem Bible, check Today's Mass Reading from NJB. The New Jerusalem Bible is used at Mass in most of the English-speaking world. May (2026) Mass Readings Download May (2026) Mass Readings Download This ﬁle is copyrighted to CatholicGallery.Org. You are free to print, share, and redistribute it without any restrictions. The only restriction is not to modify the ﬁle in any way. Please keep the logo and other copyright notices intact. This service is provided free of charge by Catholic Gallery. Please report any errors or broken links to info@catholicgallery.org Page 3 of 3	Mass-Readings-April-2026-PDF-Download.pdf
2026-05-01	Friday	Easter Weekday/ Joseph the Worker	Acts 13: 26-33	Psalms 2: 6-7, 8-9, 10-11ab		John 14: 6	John 14: 1-6, Proper Gospel for Joseph: Matthew 13: 54-58	Mass-Readings-May-2026-PDF-Download.pdf
2026-05-02	Saturday	Athanasius, Bishop, Doctor Obligatory Memorial	Acts 13: 44-52	Psalms 98: 1, 2-3ab, 3cd-4		John 8: 31b-32	John 14: 7-14	Mass-Readings-May-2026-PDF-Download.pdf
2026-05-03	Sunday	Fifth Sunday of Easter	Acts 6: 1-7	Psalms 33: 1-2, 4-5, 18-19	First Peter 2: 4-9	John 14: 6	John 14: 1-12	Mass-Readings-May-2026-PDF-Download.pdf
2026-05-04	Monday	Easter Weekday	Acts 14: 5-18	Psalms 115: 1-2, 3-4, 15-16		John 14: 26	John 14: 21-26	Mass-Readings-May-2026-PDF-Download.pdf
2026-05-05	Tuesday	Easter Weekday						Mass-Readings-May-2026-PDF-Download.pdf
2026-05-06	Wednesday	Easter Weekday	Acts 15: 1-6	Psalms 122: 1-2, 3-4ab, 4cd-5		John 15: 4a, 5b	John 15: 1-8	Mass-Readings-May-2026-PDF-Download.pdf
2026-05-07	Thursday	Easter Weekday	Acts 15: 7-21	Psalms 96: 1-2a, 2b-3, 10		John 10: 27	John 15: 9-11	Mass-Readings-May-2026-PDF-Download.pdf
2026-05-08	Friday	Easter Weekday	Acts 15: 22-31	Psalms 57: 8-9, 10 and 12		John 15: 15b	John 15: 12-17	Mass-Readings-May-2026-PDF-Download.pdf
2026-05-09	Saturday	Easter Weekday	Acts 16: 1-10	Psalms 100: 2, 3, 5		Colossians 3: 1	John 15: 18-21	Mass-Readings-May-2026-PDF-Download.pdf
2026-05-10	Sunday	Sixth Sunday of Easter						Mass-Readings-May-2026-PDF-Download.pdf
2026-05-11	Monday	Easter Weekday	Acts 16: 11-15	Psalms 149: 1b-2, 3-4, 5-6a and 9b	First Peter 3: 15-18	John 15: 26b, 27a	John 15: 26 - 16: 4	Mass-Readings-May-2026-PDF-Download.pdf
2026-05-12	Tuesday	Easter Weekday/ Nereus and Achilleus, Martyrs/ Pancras, Martyr	Acts 16: 22-34	Psalms 138: 1-2ab, 2cde-3, 7c-8		John 16: 7, 13	John 16: 5-11 Page 1 of 3	Mass-Readings-May-2026-PDF-Download.pdf
2026-05-13	Wednesday	Easter Weekday/ Our Lady of Fatima	Acts 17: 15, 22 - 18: 1	Psalms 148: 1-2, 11-12, 13, 14		John 14: 16	John 16: 12-15	Mass-Readings-May-2026-PDF-Download.pdf
2026-05-14	Thursday	Matthias, Apostle Feast	Acts 1: 15-17, 20-26	Psalms 113: 1-2, 3-4, 5-6, 7-8		John 15: 16	John 15: 9-17	Mass-Readings-May-2026-PDF-Download.pdf
2026-05-15	Friday	Easter Weekday/ Isidore the Farmer, Married Man	Acts 18: 9-18	Psalms 47: 2-3, 4-5, 6-7		Luke 24: 46, 26	John 16: 20-23	Mass-Readings-May-2026-PDF-Download.pdf
2026-05-16	Saturday	Easter Weekday	Acts 18: 23-28	Psalms 47: 2-3, 8-9, 10		John 16: 28	John 16: 23b-28	Mass-Readings-May-2026-PDF-Download.pdf
2026-05-17	Sunday	Ascension of the Lord Solemnity (Seventh Sunday of Easter)						Mass-Readings-May-2026-PDF-Download.pdf
2026-05-18	Monday	Easter Weekday/ John I, Pope, Martyr	Acts 19: 1-8	Psalms 68: 2-3ab, 4-5acd, 6- 7ab	Ephesians 1: 17-23	Colossians 3: 1	John 16: 29-33	Mass-Readings-May-2026-PDF-Download.pdf
2026-05-19	Tuesday	Easter Weekday	Acts 20: 17-27	Psalms 68: 10-11, 20-21		John 14: 16	John 17: 1-11a	Mass-Readings-May-2026-PDF-Download.pdf
2026-05-20	Wednesday	Easter Weekday/ Bernardine of Siena, Priest, Religious, Missionary	Acts 20: 28-38	Psalms 68: 29-30, 33-35a, 35bc-36ab		John 17: 17b, 17a	John 17: 11b-19	Mass-Readings-May-2026-PDF-Download.pdf
2026-05-21	Thursday	Easter Weekday/ Christopher Magallanes, Priest, and Companions, Martyrs	Acts 22: 30; 23: 6-11	Psalms 16: 1-2a and 5, 7-8, 9-10, 11		John 17: 21	John 17: 20-26	Mass-Readings-May-2026-PDF-Download.pdf
2026-05-22	Friday	Easter Weekday/ Rita of Cascia, Religious	Acts 25: 13b-21	Psalms 103: 1-2, 11-12, 19-20ab		John 14: 26	John 21: 15-19	Mass-Readings-May-2026-PDF-Download.pdf
2026-05-23	Saturday	Easter Weekday	Acts 28: 16-20, 30-31	Psalms 11: 4, 5 and 7		John 16: 7, 13	John 21: 20-25 Page 2 of 3	Mass-Readings-May-2026-PDF-Download.pdf
2026-05-24	Sunday	Pentecost Solemnity	Acts 2: 1-11	Psalms 104: 1, 24, 29-30, 31, 34	First Corinthians 12: 3b-7, 12- 13		John 20: 19-23	Mass-Readings-May-2026-PDF-Download.pdf
2026-05-25	Monday	Ordinary Weekday/ Venerable Bede, Priest, Religious, Doctor/ Gregory VII, Pope, Religious/ Mary Magdalene De' Pazzi, Virgin, Religious (Eighth Week in Ordinary Time)	First Peter 1: 3-9	Psalms 111: 1-2, 5-6, 9 and 10c		Second Corinthians 8: 9	Mark 10: 17-27	Mass-Readings-May-2026-PDF-Download.pdf
2026-05-26	Tuesday	Philip Neri, Priest Obligatory Memorial	First Peter 1: 10-16	Psalms 98: 1, 2-3ab, 3cd-4		Matthew 11: 25	Mark 10: 28-31	Mass-Readings-May-2026-PDF-Download.pdf
2026-05-27	Wednesday	Ordinary Weekday/ Augustine of Canterbury, Bishop, Religious, Missionary	First Peter 1: 18-25	Psalms 147: 12-13, 14-15, 19-20		Mark 10: 45	Mark 10: 32-45	Mass-Readings-May-2026-PDF-Download.pdf
2026-05-28	Thursday	Ordinary Weekday	First Peter 2: 2-5, 9-12	Psalms 100: 2, 3, 4, 5		John 8: 12	Mark 10: 46-52	Mass-Readings-May-2026-PDF-Download.pdf
2026-05-29	Friday	Ordinary Weekday	First Peter 4: 7-13	Psalms 96: 10, 11-12, 13		John 15: 16	Mark 11: 11-26	Mass-Readings-May-2026-PDF-Download.pdf
2026-05-30	Saturday	Ordinary Weekday/ Optional Memorial of the Blessed Virgin Mary	Jude 1: 17, 20b-25	Psalms 63: 2, 3-4, 5-6		Colossians 3: 16a, 17c	Mark 11: 27-33	Mass-Readings-May-2026-PDF-Download.pdf
2026-05-31	Sunday	The Holy Trinity Solemnity	Exodus 34: 4b-6, 8-9	Daniel 3: 52, 53, 54, 55, 56	Second Corinthians 13: 11-13	Revelation 1: 8	John 3: 16-18 Note: The Douay Rheims Catholic Bible is used for the Mass Readings. If you wish to read the Mass readings from the New Jerusalem Bible, check Today's Mass Reading from NJB. The New Jerusalem Bible is used at Mass in most of the English-speaking world. June (2026) Mass Readings Download June (2026) Mass Readings Download This ﬁle is copyrighted to CatholicGallery.Org. You are free to print, share, and redistribute it without any restrictions. The only restriction is not to modify the ﬁle in any way. Please keep the logo and other copyright notices intact. This service is provided free of charge by Catholic Gallery. Please report any errors or broken links to info@catholicgallery.org Page 3 of 3	Mass-Readings-May-2026-PDF-Download.pdf
2026-06-01	Monday	Justin, Martyr Obligatory Memorial (Ninth Week in Ordinary Time)						Mass-Readings-June-2026-PDF-Download.pdf
2026-06-02	Tuesday	Ordinary Weekday/ Marcellinus and Peter, Martyrs						Mass-Readings-June-2026-PDF-Download.pdf
2026-06-03	Wednesday	Charles Lwanga and Companions, Martyrs Obligatory Memorial	Second Timothy 1: 1-3, 6-12	Psalms 123: 1b-2ab, 2cdef		John 11: 25a, 26	Mark 12: 18-27	Mass-Readings-June-2026-PDF-Download.pdf
2026-06-04	Thursday	Ordinary Weekday	Second Timothy 2: 8-15	Psalms 25: 4-5ab, 8-9, 10 and 14		Second Timothy 1: 10	Mark 12: 28-34	Mass-Readings-June-2026-PDF-Download.pdf
2026-06-05	Friday	Boniface, Bishop, Martyr Obligatory Memorial	Second Timothy 3: 10-17	Psalms 119: 157, 160, 161, 165, 166, 168		John 14: 23	Mark 12: 35-37	Mass-Readings-June-2026-PDF-Download.pdf
2026-06-06	Saturday	OW/ Optional Memorial of the Blessed Virgin Mary/ Norbert, Bishop, Religious Founder	Second Timothy 4: 1-8	Psalms 71: 8-9, 14-15ab, 16-17, 22		Matthew 5: 3	Mark 12: 38-44	Mass-Readings-June-2026-PDF-Download.pdf
2026-06-07	Sunday	The Body and Blood of Christ Solemnity						Mass-Readings-June-2026-PDF-Download.pdf
2026-06-08	Monday	Ordinary Weekday (Tenth Week in Ordinary Time)						Mass-Readings-June-2026-PDF-Download.pdf
2026-06-09	Tuesday	Ordinary Weekday/ Ephrem of Syria, deacon, Doctor	First Kings 17: 7-16	Psalms 4: 2-3, 4-5, 7b-8	First Corinthians 10: 16-17	Matthew 5: 16	Matthew 5: 13-16	Mass-Readings-June-2026-PDF-Download.pdf
2026-06-10	Wednesday	Ordinary Weekday	First Kings 18: 20-39	Psalms 16: 1b-2ab, 4, 5ab and 8, 11		Psalms 25: 4b, 5a	Matthew 5: 17-19	Mass-Readings-June-2026-PDF-Download.pdf
2026-06-11	Thursday	Barnabas, Apostle Obligatory Memorial	Acts 11: 21b-26; 13: 1-3	Psalms 98: 1, 2-3ab, 3cd-4, 5-6		John 13: 34	Matthew 5: 20-26	Mass-Readings-June-2026-PDF-Download.pdf
2026-06-12	Friday	Sacred Heart of Jesus Solemnity	Deuteronomy 7: 6-11	Psalms 103: 1-2, 3-4, 6-7, 8, 10	First John 4: 7-16	Matthew 11: 29a	Matthew 11: 25-30 Page 1 of 3	Mass-Readings-June-2026-PDF-Download.pdf
2026-06-13	Saturday	Immaculate Heart of the Blessed Virgin Mary Obligatory Memorial	First Kings 19: 19-21	Psalms 16: 1b-2a and 5, 7-8, 9- 10		Luke 2: 19	Luke 2: 41-51	Mass-Readings-June-2026-PDF-Download.pdf
2026-06-14	Sunday	Eleventh Sunday in Ordinary Time						Mass-Readings-June-2026-PDF-Download.pdf
2026-06-15	Monday	Ordinary Weekday	First Kings 21: 1-16	Psalms 5: 2-3ab, 4b-6, 7	Romans 5: 6-11	Psalms 119: 105	Matthew 5: 38-42	Mass-Readings-June-2026-PDF-Download.pdf
2026-06-16	Tuesday	Ordinary Weekday						Mass-Readings-June-2026-PDF-Download.pdf
2026-06-17	Wednesday	Ordinary Weekday						Mass-Readings-June-2026-PDF-Download.pdf
2026-06-18	Thursday	Ordinary Weekday	Sirach 48: 1-14	Psalms 97: 1-2, 3-4, 5-6, 7		Romans 8: 15bc	Matthew 6: 7-15	Mass-Readings-June-2026-PDF-Download.pdf
2026-06-19	Friday	Ordinary Weekday/ Romuald, Abbot	Second Kings 11: 1-4, 9-18, 20	Psalms 132: 11, 12, 13-14, 17-18		Matthew 5: 3	Matthew 6: 19-23	Mass-Readings-June-2026-PDF-Download.pdf
2026-06-20	Saturday	Ordinary Weekday/ Optional Memorial of the Blessed Virgin Mary	Second Chronicles 24: 17-25	Psalms 89: 4-5, 29-30, 31-32, 33-34		Second Corinthians 8: 9	Matthew 6: 24-34	Mass-Readings-June-2026-PDF-Download.pdf
2026-06-21	Sunday	Twelfth Sunday in Ordinary Time	Jeremiah 20: 10-13	Psalms 69: 8-10, 14, 17, 33-35	Romans 5: 12-15	John 15: 26b, 27a	Matthew 10: 26-33	Mass-Readings-June-2026-PDF-Download.pdf
2026-06-22	Monday	Ordinary Weekday/ Paulinus of Nola, Bishop/ John Fisher, Bishop, Martyr, and Thomas More, Married Man, Martyr	Second Kings 17: 5-8, 13-15a, 18	Psalms 60: 3, 4-5, 12-13		Hebrews 4: 12	Matthew 7: 1-5	Mass-Readings-June-2026-PDF-Download.pdf
2026-06-23	Tuesday	Ordinary Weekday	Second Kings 19: 9b-11, 14-21, 31- 35a, 36	Psalms 48: 2-3ab, 3cd-4, 10-11		John 8: 12	Matthew 7: 6, 12-14	Mass-Readings-June-2026-PDF-Download.pdf
2026-06-24	Wednesday	Nativity of John the Baptist Solemnity - Day	Isaiah 49: 1-6	Psalms 139: 1b-3, 13-14ab, 14c-15	Acts 13: 22-26	Luke 1: 76	Luke 1: 57-66, 80	Mass-Readings-June-2026-PDF-Download.pdf
2026-06-25	Thursday	Ordinary Weekday	Second Kings 24: 8-17	Psalms 79: 1b-2, 3-5, 8, 9		John 14: 23	Matthew 7: 21-29	Mass-Readings-June-2026-PDF-Download.pdf
2026-06-26	Friday	Ordinary Weekday	Second Kings 25: 1-12	Psalms 137: 1-2, 3, 4-5, 6		Matthew 8: 17	Matthew 8: 1-4	Mass-Readings-June-2026-PDF-Download.pdf
2026-06-27	Saturday	Ordinary Weekday/ Optional Memorial of the Blessed Virgin Mary/ Cyril of Alexandria, Bishop, Doctor	Lamentations 2: 2, 10-14, 18-19	Psalms 74: 1b-2, 3-5, 6-7, 20-21		Matthew 8: 17	Matthew 8: 5-17	Mass-Readings-June-2026-PDF-Download.pdf
2026-06-28	Sunday	Thirteenth Sunday in Ordinary Time	Second Kings 4: 8-11, 14-16a	Psalms 89: 2-3, 16-17, 18-19	Romans 6: 3-4, 8-11	First Peter 2: 9	Matthew 10: 37-42	Mass-Readings-June-2026-PDF-Download.pdf
2026-06-29	Monday	Peter and Paul, Apostles Solemnity - Day	Acts 12: 1-11	Psalms 34: 2-3, 4-5, 6-7, 8-9	Second Timothy 4: 6-8, 17-18	Matthew 16: 18	Matthew 16: 13-19	Mass-Readings-June-2026-PDF-Download.pdf
2026-06-30	Tuesday	Ordinary Weekday/ First Martyrs of the Church of Rome	Amos 3: 1-8; 4: 11-12	Psalms 5: 4b-6, 7, 8		Psalms 130: 5	Matthew 8: 23-27 Note: The Douay Rheims Catholic Bible is used for the Mass Readings. If you wish to read the Mass readings from the New Jerusalem Bible, check Today's Mass Reading from NJB. The New Jerusalem Bible is used at Mass in most of the English-speaking world. July (2026) Mass Readings Download July (2026) Mass Readings Download This ﬁle is copyrighted to CatholicGallery.Org. You are free to print, share, and redistribute it without any restrictions. The only restriction is not to modify the ﬁle in any way. Please keep the logo and other copyright notices intact. This service is provided free of charge by Catholic Gallery. Please report any errors or broken links to info@catholicgallery.org Page 3 of 3	Mass-Readings-June-2026-PDF-Download.pdf
2026-07-01	Wednesday	Blessed Junipero Serra, Priest, Religious, Missionary	Amos 5: 14-15, 21-24	Psalms 50: 7, 8-9, 10-11, 12-13, 16bc-17		James 1: 18	Matthew 8: 28-34	Mass-Readings-July-2026-PDF-Download.pdf
2026-07-02	Thursday	Ordinary Weekday	Amos 7: 10-17	Psalms 19: 8, 9, 10, 11		Second Corinthians 5: 19	Matthew 9: 1-8	Mass-Readings-July-2026-PDF-Download.pdf
2026-07-03	Friday	Thomas, Apostle Feast	Ephesians 2: 19-22	Psalms 117: 1bc, 2		John 20: 29	John 20: 24-29	Mass-Readings-July-2026-PDF-Download.pdf
2026-07-04	Saturday	Ordinary Weekday/ Optional Memorial of the Blessed Virgin Mary/ Independence Day	Amos 9: 11-15	Psalms 85: 9ab and 10, 11-12, 13- 14		John 10: 27	Matthew 9: 14-17	Mass-Readings-July-2026-PDF-Download.pdf
2026-07-05	Sunday	Fourteenth Sunday in Ordinary Time						Mass-Readings-July-2026-PDF-Download.pdf
2026-07-06	Monday	Ordinary Weekday/ Maria Goretti, Virgin, Martyr	Hosea 2: 16, 17c-18, 21-22	Psalms 145: 2-3, 4-5, 6-7, 8-9	Romans 8: 9, 11-13	Second Timothy 1: 10	Matthew 9: 18-26	Mass-Readings-July-2026-PDF-Download.pdf
2026-07-07	Tuesday	Ordinary Weekday	Hosea 8: 4-7, 11-13	Psalms 115: 3-4, 5-6, 7ab-8, 9- 10		John 10: 14	Matthew 9: 32-38	Mass-Readings-July-2026-PDF-Download.pdf
2026-07-08	Wednesday	Ordinary Weekday	Hosea 10: 1-3, 7-8, 12	Psalms 105: 2-3, 4-5, 6-7		Mark 1: 15	Matthew 10: 1-7	Mass-Readings-July-2026-PDF-Download.pdf
2026-07-09	Thursday	Augustine Zhao Rong, Priest, and Companions, Martyrs	Hosea 11: 1-4, 8c-9	Psalms 80: 2ac and 3b, 15-16		Mark 1: 15	Matthew 10: 7-15	Mass-Readings-July-2026-PDF-Download.pdf
2026-07-10	Friday	Ordinary Weekday	Hosea 14: 2-10	Psalms 51: 3-4, 8-9, 12-13, 14 and 17		John 16: 13a; 14: 26d	Matthew 10: 16-23	Mass-Readings-July-2026-PDF-Download.pdf
2026-07-11	Saturday	Benedict, Abbot, Religious Founder Obligatory Memorial	Isaiah 6: 1-8	Psalms 93: 1ab, 1cd-2, 5		First Peter 4: 14	Matthew 10: 24-33 Page 1 of 3	Mass-Readings-July-2026-PDF-Download.pdf
2026-07-12	Sunday	Fifteenth Sunday in Ordinary Time	Isaiah 55: 10-11	Psalms 65: 10, 11, 12-13, 14	Romans 8: 18-23		Matthew 13: 1-23	Mass-Readings-July-2026-PDF-Download.pdf
2026-07-13	Monday	Ordinary Weekday/ Henry, Married Man						Mass-Readings-July-2026-PDF-Download.pdf
2026-07-14	Tuesday	Blessed Kateri Tekakwitha, Virgin Obligatory Memorial						Mass-Readings-July-2026-PDF-Download.pdf
2026-07-15	Wednesday	Bonaventure, Bishop, Religious, Doctor Obligatory Memorial	Isaiah 10: 5-7, 13b-16	Psalms 94: 5-6, 7-8, 9-10, 14-15		Matthew 11: 25	Matthew 11: 25-27	Mass-Readings-July-2026-PDF-Download.pdf
2026-07-16	Thursday	Ordinary Weekday/ Our Lady of Mount Carmel	Isaiah 26: 7-9, 11, 16-19	Psalms 102: 13-14ab and 15, 16- 18, 19-21		Matthew 11: 28	Matthew 11: 28-30	Mass-Readings-July-2026-PDF-Download.pdf
2026-07-17	Friday	Ordinary Weekday	Isaiah 38: 1-6, 21-22, 7-8	Isaiah 38: 10, 11, 12abcd, 16		John 10: 27	Matthew 12: 1-8	Mass-Readings-July-2026-PDF-Download.pdf
2026-07-18	Saturday	Ordinary Weekday/ Optional Memorial of the Blessed Virgin Mary/ Camillus De Lellis, Priest	Micah 2: 1-5	Psalms 10: 1-2, 3-4, 7-8, 14		Second Corinthians 5: 19	Matthew 12: 14-21	Mass-Readings-July-2026-PDF-Download.pdf
2026-07-19	Sunday	Sixteenth Sunday in Ordinary Time	Wisdom 12: 13, 16-19	Psalms 86: 5-6, 9-10, 15-16	Romans 8: 26-27	Matthew 11: 25	Matthew 13: 24-43	Mass-Readings-July-2026-PDF-Download.pdf
2026-07-20	Monday	Ordinary Weekday/ Apollinarius, Bishop, Martyr						Mass-Readings-July-2026-PDF-Download.pdf
2026-07-21	Tuesday	Ordinary Weekday/ Lawrence of Brindisi, Priest, Religious, Doctor	Micah 7: 14-15, 18-20	Psalms 85: 2-4, 5-6, 7-8		John 14: 23	Matthew 12: 46-50	Mass-Readings-July-2026-PDF-Download.pdf
2026-07-22	Wednesday	Mary Magdalene, Disciple of the Lord Obligatory Memorial	Jeremiah 1: 1, 4-10	Psalms 71: 1-2, 3-4a, 5-6ab, 15 and 17			John 20: 1-2, 11-18	Mass-Readings-July-2026-PDF-Download.pdf
2026-07-23	Thursday	Ordinary Weekday/ Bridget of Sweden, Married Woman, Religious Founder	Jeremiah 2: 1-3, 7-8, 12-13	Psalms 36: 6-7ab, 8-9, 10-11		Matthew 11: 25	Matthew 13: 10-17	Mass-Readings-July-2026-PDF-Download.pdf
2026-07-24	Friday	Ordinary Weekday/ Sharbel Makhluf, Priest	Jeremiah 3: 14-17	Jeremiah 31: 10, 11-12abcd, 13		Luke 8: 15	Matthew 13: 18-23 Page 2 of 3	Mass-Readings-July-2026-PDF-Download.pdf
2026-07-25	Saturday	James, Apostle Feast	Second Corinthians 4: 7-15	Psalms 126: 1bc-2ab, 2cd-3, 4-5, 6		John 15: 16	Matthew 20: 20-28	Mass-Readings-July-2026-PDF-Download.pdf
2026-07-26	Sunday	Seventeenth Sunday in Ordinary Time	First Kings 3: 5, 7-12	Psalms 119: 57, 72, 76-77, 127- 128, 129-130	Romans 8: 28-30	Matthew 11: 25	Matthew 13: 44-52	Mass-Readings-July-2026-PDF-Download.pdf
2026-07-27	Monday	Ordinary Weekday	Jeremiah 13: 1-11	Deuteronomy 32: 18-19, 20, 21		James 1: 18	Matthew 13: 31-35	Mass-Readings-July-2026-PDF-Download.pdf
2026-07-28	Tuesday	Ordinary Weekday	Jeremiah 14: 17-22	Psalms 79: 8, 9, 11 and 13			Matthew 13: 36-43	Mass-Readings-July-2026-PDF-Download.pdf
2026-07-29	Wednesday	Martha, Disciple of the Lord Obligatory Memorial						Mass-Readings-July-2026-PDF-Download.pdf
2026-07-30	Thursday	Ordinary Weekday/ Peter Chrysologus, Bishop, Doctor	Jeremiah 18: 1-6	Psalms 146: 1b-2, 3-4, 5-6ab		Acts 16: 14b	Matthew 13: 47-53	Mass-Readings-July-2026-PDF-Download.pdf
2026-07-31	Friday	Ignatius of Loyola, Priest, Religious Founder Obligatory Memorial	Jeremiah 26: 1-9	Psalms 69: 5, 8-10, 14		First Peter 1: 25	Matthew 13: 54-58 Note: The Douay Rheims Catholic Bible is used for the Mass Readings. If you wish to read the Mass readings from the New Jerusalem Bible, check Today's Mass Reading from NJB. The New Jerusalem Bible is used at Mass in most of the English-speaking world. August (2026) Mass Readings Download August (2026) Mass Readings Download This ﬁle is copyrighted to CatholicGallery.Org. You are free to print, share, and redistribute it without any restrictions. The only restriction is not to modify the ﬁle in any way. Please keep the logo and other copyright notices intact. This service is provided free of charge by Catholic Gallery. Please report any errors or broken links to info@catholicgallery.org Page 3 of 3	Mass-Readings-July-2026-PDF-Download.pdf
2026-08-01	Saturday	Alphonsus Liguori, Bishop, Religious Founder, Doctor Obligatory Memorial	Jeremiah 26: 11-16, 24	Psalms 69: 15-16, 30-31, 33-34		Matthew 5: 10	Matthew 14: 1-12	Mass-Readings-August-2026-PDF-Download.pdf
2026-08-02	Sunday	Eighteenth Sunday in Ordinary Time						Mass-Readings-August-2026-PDF-Download.pdf
2026-08-03	Monday	Ordinary Weekday	Jeremiah 28: 1-17	Psalms 119: 29, 43, 79, 80, 95, 102	Romans 8: 35, 37-39	John 1: 49b	Matthew 14: 22-36	Mass-Readings-August-2026-PDF-Download.pdf
2026-08-04	Tuesday	John Mary Vianney, Priest Obligatory Memorial	Jeremiah 30: 1-2, 12-15, 18-22	Ps 102: 16-18, 19-21, 29, 22-23		John 1: 49b	Matthew 14: 22-36 or Matthew 15: 1-2, 10-14	Mass-Readings-August-2026-PDF-Download.pdf
2026-08-05	Wednesday	Ordinary Weekday/ Dedication of the Basilica of Saint Mary Major in Rome	Jeremiah 31: 1-7	Jeremiah 31: 10, 11-12ab, 13		Luke 7: 16	Matthew 15: 21-28	Mass-Readings-August-2026-PDF-Download.pdf
2026-08-06	Thursday	Transfiguration of the Lord Feast	Daniel 7: 9-10, 13-14	Psalms 97: 1-2, 5-6, 9	Second Peter 1: 16-19	Matthew 17: 5	Matthew 17: 1-9	Mass-Readings-August-2026-PDF-Download.pdf
2026-08-07	Friday	Ordinary Weekday/ Sixtus II, Pope, Martyr, and Companions, Martyrs/ Cajetan, Priest	Nahum 2: 1, 3; 3: 1-3, 6-7	Deut 32: 35cd-36ab, 39abcd, 41		Matthew 5: 10	Matthew 16: 24-28	Mass-Readings-August-2026-PDF-Download.pdf
2026-08-08	Saturday	Dominic, Priest, Religious Founder Obligatory Memorial						Mass-Readings-August-2026-PDF-Download.pdf
2026-08-09	Sunday	Nineteenth Sunday in Ordinary Time	First Kings 19: 9a, 11-13a	Psalms 85: 9, 10, 11-12, 13-14	Romans 9: 1-5	Psalms 130: 5	Matthew 14: 22-33	Mass-Readings-August-2026-PDF-Download.pdf
2026-08-10	Monday	Lawrence, deacon, Martyr Feast	Second Corinthians 9: 6-10	Psalms 112: 1-2, 5-6, 7-8, 9		John 8: 12bc	John 12: 24-26	Mass-Readings-August-2026-PDF-Download.pdf
2026-08-11	Tuesday	Clare, Virgin, Religious Founder Obligatory Memorial	Ezekiel 2: 8 - 3: 4	Psalms 119: 14, 24, 72, 103, 111, 131		Matthew 11: 29	Matthew 18: 1-5, 10, 12-14	Mass-Readings-August-2026-PDF-Download.pdf
2026-08-12	Wednesday	Ordinary Weekday/ Jane Frances De Chantal, Married Woman, Religious Founder	Ezekiel 9: 1-7; 10: 18-22	Psalms 113: 1-2, 3-4, 5-6		Second Corinthians 5: 19	Matthew 18: 15-20 Page 1 of 3	Mass-Readings-August-2026-PDF-Download.pdf
2026-08-13	Thursday	Ordinary Weekday/ Pontian, Pope, Martyr, and Hippolytus, Priest, Martyr	Ezekiel 12: 1-12	Psalms 78: 56-57, 58-59, 61-62		Psalms 119: 135	Matthew 18: 21 - 19: 1	Mass-Readings-August-2026-PDF-Download.pdf
2026-08-14	Friday	Maximilian Mary Kolbe, Priest, Martyr Obligatory Memorial						Mass-Readings-August-2026-PDF-Download.pdf
2026-08-15	Saturday	Assumption of the Blessed Virgin Mary Solemnity - Day	Revelation 11: 19a; 12: 1-6a, 10ab	Psalms 45: 10, 11, 12, 16	First Corinthians 15: 20-27		Luke 1: 39-56	Mass-Readings-August-2026-PDF-Download.pdf
2026-08-16	Sunday	Twentieth Sunday in Ordinary Time						Mass-Readings-August-2026-PDF-Download.pdf
2026-08-17	Monday	Ordinary Weekday	Ezekiel 24: 15-23	Deuteronomy 32: 18-19, 20, 21	Romans 11: 13-15, 29-32	Matthew 5: 3	Matthew 19: 16-22	Mass-Readings-August-2026-PDF-Download.pdf
2026-08-18	Tuesday	Ordinary Weekday/ Jane Frances De Chantal, Married Woman, Religious Founder	Ezekiel 28: 1-10	Deuteronomy 32: 26-27ab, 27cd-28, 30, 35cd-36ab		Second Corinthians 8: 9	Matthew 19: 23-30	Mass-Readings-August-2026-PDF-Download.pdf
2026-08-19	Wednesday	Ordinary Weekday/ John Eudes, Priest, Religious Founder						Mass-Readings-August-2026-PDF-Download.pdf
2026-08-20	Thursday	Bernard, Abbot, Doctor Obligatory Memorial	Ezekiel 36: 23-28	Psalms 51: 12-13, 14-15, 18-19		Psalms 95: 8	Matthew 22: 1-14	Mass-Readings-August-2026-PDF-Download.pdf
2026-08-21	Friday	Pius X, Pope Obligatory Memorial	Ezekiel 37: 1-14	Psalms 107: 2-3, 4-5, 6-7, 8-9		Psalms 25: 4b, 5a	Matthew 22: 34-40	Mass-Readings-August-2026-PDF-Download.pdf
2026-08-22	Saturday	Queenship of the Blessed Virgin Mary Obligatory Memorial						Mass-Readings-August-2026-PDF-Download.pdf
2026-08-23	Sunday	Twenty-first Sunday in Ordinary Time	Isaiah 22: 19-23	Psalms 138: 1-2a, 2bc-3, 6, 8	Romans 11: 33-36	Matthew 16: 18	Matthew 16: 13-20 Page 2 of 3	Mass-Readings-August-2026-PDF-Download.pdf
2026-08-24	Monday	Bartholomew, Apostle Feast	Revelation 21: 9b-14	Psalms 145: 10-11, 12-13, 17-18		John 1: 49b	John 1: 45-51	Mass-Readings-August-2026-PDF-Download.pdf
2026-08-25	Tuesday	Ordinary Weekday/ Louis of France, Married Man/ Joseph Calasanz, Priest, Religious Founder	Second Thessalonians 2: 1-3a, 14-17	Psalms 96: 10, 11-12, 13		Hebrews 4: 12	Matthew 23: 23-26	Mass-Readings-August-2026-PDF-Download.pdf
2026-08-26	Wednesday	Ordinary Weekday	Second Thessalonians 3: 6-10, 16-18	Psalms 128: 1-2, 4-5		First John 2: 5	Matthew 23: 27-32	Mass-Readings-August-2026-PDF-Download.pdf
2026-08-27	Thursday	Monica, Married Woman Obligatory Memorial						Mass-Readings-August-2026-PDF-Download.pdf
2026-08-28	Friday	Augustine, Bishop, Doctor Obligatory Memorial	First Corinthians 1: 17-25	Psalms 33: 1-2, 4-5, 10-11		Luke 21: 36	Matthew 25: 1-13	Mass-Readings-August-2026-PDF-Download.pdf
2026-08-29	Saturday	Martyrdom of John the Baptist Obligatory Memorial	First Corinthians 1: 26-31	Psalms 33: 12-13, 18-19, 20-21		Matthew 5: 10	Mark 6: 17-29	Mass-Readings-August-2026-PDF-Download.pdf
2026-08-30	Sunday	Twenty-Second Sunday in Ordinary Time						Mass-Readings-August-2026-PDF-Download.pdf
2026-08-31	Sunday	Ordinary Weekday	First Corinthians 2: 1-5	Psalms 119: 97, 98, 99, 100, 101, 102	Romans 12: 1-2	Luke 4: 18	Luke 4: 16-30 Note: The Douay Rheims Catholic Bible is used for the Mass Readings. If you wish to read the Mass readings from the New Jerusalem Bible, check Today's Mass Reading from NJB. The New Jerusalem Bible is used at Mass in most of the English-speaking world. September (2026) Mass Readings Download September (2026) Mass Readings Download This ﬁle is copyrighted to CatholicGallery.Org. You are free to print, share, and redistribute it without any restrictions. The only restriction is not to modify the ﬁle in any way. Please keep the logo and other copyright notices intact. This service is provided free of charge by Catholic Gallery. Please report any errors or broken links to info@catholicgallery.org Page 3 of 3	Mass-Readings-August-2026-PDF-Download.pdf
2026-09-01	Tuesday	Ordinary Weekday	First Corinthians 2: 10b-16	Psalms 145: 8-9, 10-11, 12-13ab, 13cd-14		Luke 7: 16	Luke 4: 31-37	Mass-Readings-September-2026-PDF-Download.pdf
2026-09-02	Wednesday	Ordinary Weekday	First Corinthians 3: 1-9	Psalms 33: 12-13, 14-15, 20-21		Luke 4: 18	Luke 4: 38-44	Mass-Readings-September-2026-PDF-Download.pdf
2026-09-03	Thursday	Gregory the Great, Pope, Religious, Doctor Obligatory Memorial	First Corinthians 3: 18-23	Psalms 24: 1bc-2, 3-4ab, 5-6		Matthew 4: 19	Luke 5: 1-11	Mass-Readings-September-2026-PDF-Download.pdf
2026-09-04	Friday	Ordinary Weekday	First Corinthians 4: 1-5	Psalms 37: 3-4, 5-6, 27-28, 39- 40		John 8: 12	Luke 5: 33-39	Mass-Readings-September-2026-PDF-Download.pdf
2026-09-05	Saturday	Ordinary Weekday/ Optional Memorial of the Blessed Virgin Mary						Mass-Readings-September-2026-PDF-Download.pdf
2026-09-06	Sunday	Twenty-Third Sunday in Ordinary Time	Ezekiel 33: 7-9	Psalms 95: 1-2, 6-7, 8-9	Romans 13: 8-10	Second Corinthians 5: 19	Matthew 18: 15-20	Mass-Readings-September-2026-PDF-Download.pdf
2026-09-07	Monday	Ordinary Weekday/ Labor Day	First Corinthians 5: 1-8	Psalms 5: 5-6, 7, 12		John 10: 27	Luke 6: 6-11	Mass-Readings-September-2026-PDF-Download.pdf
2026-09-08	Tuesday	Nativity of the Blessed Virgin Mary Feast						Mass-Readings-September-2026-PDF-Download.pdf
2026-09-09	Wednesday	Peter Claver, Priest, Religious, Missionary Obligatory Memorial	First Corinthians 7: 25-31	Psalms 45: 11-12, 14-15, 16-17		Luke 6: 23ab	Luke 6: 20-26	Mass-Readings-September-2026-PDF-Download.pdf
2026-09-10	Thursday	Ordinary Weekday						Mass-Readings-September-2026-PDF-Download.pdf
2026-09-11	Friday	Ordinary Weekday	First Corinthians 9: 16-19, 22b-27	Psalms 84: 3, 4, 5-6, 12		John 17: 17b, 17a	Luke 6: 39-42	Mass-Readings-September-2026-PDF-Download.pdf
2026-09-12	Saturday	Ordinary Weekday/ Optional Memorial of the Blessed Virgin Mary/ Holy Name of Mary	First Corinthians 10: 14-22	Psalms 116: 12-13, 17-18		John 14: 23	Luke 6: 43-49 Page 1 of 3	Mass-Readings-September-2026-PDF-Download.pdf
2026-09-13	Sunday	Twenty-Fourth Sunday in Ordinary Time	Sirach 27: 30 - 28: 7	Psalms 103: 1-2, 3-4, 9-10, 11-12	Romans 14: 7-9	John 13: 34	Matthew 18: 21-35	Mass-Readings-September-2026-PDF-Download.pdf
2026-09-14	Monday	Exaltation of the Holy Cross Feast	Numbers 21: 4b-9	Psalms 78: 1bc-2, 34-35, 36-37, 38	Philippians 2: 6-11		John 3: 13-17	Mass-Readings-September-2026-PDF-Download.pdf
2026-09-15	Tuesday	Our Lady of Sorrows Obligatory Memorial	First Corinthians 12: 12-14, 27-31a	Psalms 100: 1b-2, 3, 4, 5			John 19: 25-27 or Luke 2: 33-35	Mass-Readings-September-2026-PDF-Download.pdf
2026-09-16	Wednesday	Cornelius, Pope, Martyr, and Cyprian, Bishop, Martyr Obligatory Memorial						Mass-Readings-September-2026-PDF-Download.pdf
2026-09-17	Thursday	Ordinary Weekday/ Robert Bellarmine, Bishop, Religious, Doctor	First Corinthians 15: 1-11	Psalms 118: 1b-2, 16ab-17, 28		Matthew 11: 28	Luke 7: 36-50	Mass-Readings-September-2026-PDF-Download.pdf
2026-09-18	Friday	Ordinary Weekday	First Corinthians 15: 12-20	Psalms 17: 1bcd, 6-7, 8b and 15		Matthew 11: 25	Luke 8: 1-3	Mass-Readings-September-2026-PDF-Download.pdf
2026-09-19	Saturday	Ordinary Weekday/ Optional Memorial of the Blessed Virgin Mary/ Januarius, Bishop, Martyr	First Corinthians 15: 35-37, 42- 49	Psalms 56: 10c-12, 13-14		Luke 8: 15	Luke 8: 4-15	Mass-Readings-September-2026-PDF-Download.pdf
2026-09-20	Sunday	Twenty-Fifth Sunday in Ordinary Time	Isaiah 55: 6-9	Psalms 145: 2-3, 8-9, 17-18	Philippians 1: 20c-24, 27a	Acts 16: 14b	Matthew 20: 1-16a	Mass-Readings-September-2026-PDF-Download.pdf
2026-09-21	Monday	Matthew, Apostle, Evangelist Feast	Ephesians 4: 1-7, 11-13	Psalms 19: 2-3, 4-5			Matthew 9: 9-13	Mass-Readings-September-2026-PDF-Download.pdf
2026-09-22	Tuesday	Ordinary Weekday	Proverbs 21: 1-6, 10-13	Psalms 119: 1, 27, 30, 34, 35, 44		Luke 11: 28	Luke 8: 19-21	Mass-Readings-September-2026-PDF-Download.pdf
2026-09-23	Wednesday	Pio of Pietrelcina, Priest Obligatory Memorial	Proverbs 30: 5-9	Psalms 119: 29, 72, 89, 101, 104, 163		Mark 1: 15	Luke 9: 1-6	Mass-Readings-September-2026-PDF-Download.pdf
2026-09-24	Thursday	Ordinary Weekday	Ecclesiastes 1: 2-11	Psalms 90: 3-4, 5-6, 12-13, 14 and 17bc		John 14: 6	Luke 9: 7-9 Page 2 of 3	Mass-Readings-September-2026-PDF-Download.pdf
2026-09-25	Friday	Ordinary Weekday	Ecclesiastes 3: 1-11	Psalms 144: 1b and 2abc, 3-4		Mark 10: 45	Luke 9: 18-22	Mass-Readings-September-2026-PDF-Download.pdf
2026-09-26	Saturday	Ordinary Weekday/ Optional Memorial of the Blessed Virgin Mary/ Cosmas and Damian, Martyrs	Ecclesiastes 11: 9 - 12: 8	Psalms 90: 3-4, 5-6, 12-13, 14 and 17		Second Timothy 1: 10	Luke 9: 43b-45	Mass-Readings-September-2026-PDF-Download.pdf
2026-09-27	Sunday	Twenty-Sixth Sunday in Ordinary Time	Ezekiel 18: 25-28	Psalms 25: 4-5, 6-7, 8-9	Philippians 2: 1-11	John 10: 27	Matthew 21: 28-32	Mass-Readings-September-2026-PDF-Download.pdf
2026-09-28	Monday	Ordinary Weekday/ Wenceslaus, Martyr/ Lawrence Ruiz, Married Man, Martyr, and Companions, Martyrs	Job 1: 6-22	Psalms 17: 1bcd, 2-3, 6-7		Mark 10: 45	Luke 9: 46-50	Mass-Readings-September-2026-PDF-Download.pdf
2026-09-29	Tuesday	Michael, Gabriel, Raphael, Archangels Feast	Daniel 7: 9-10, 13-14 or Revelation 12: 7-12ab	Psalms 138: 1-2ab, 2cde-3, 4-5		Psalms 103: 21	John 1: 47-51	Mass-Readings-September-2026-PDF-Download.pdf
2026-09-30	Wednesday	Jerome, Priest, Doctor Obligatory Memorial	Job 9: 1-12, 14-16	Psalms 88: 10bc-11, 12-13, 14-15		Philippians 3: 8-9	Luke 9: 57-62 Note: The Douay Rheims Catholic Bible is used for the Mass Readings. If you wish to read the Mass readings from the New Jerusalem Bible, check Today's Mass Reading from NJB. The New Jerusalem Bible is used at Mass in most of the English-speaking world. October (2026) Mass Readings Download October (2026) Mass Readings Download This ﬁle is copyrighted to CatholicGallery.Org. You are free to print, share, and redistribute it without any restrictions. The only restriction is not to modify the ﬁle in any way. Please keep the logo and other copyright notices intact. This service is provided free of charge by Catholic Gallery. Please report any errors or broken links to info@catholicgallery.org Page 3 of 3	Mass-Readings-September-2026-PDF-Download.pdf
2026-10-01	Thursday	Thérèse of Lisieux, Virgin, Religious, Doctor Obligatory Memorial						Mass-Readings-October-2026-PDF-Download.pdf
2026-10-02	Friday	The Guardian Angels Obligatory Memorial						Mass-Readings-October-2026-PDF-Download.pdf
2026-10-03	Saturday	Ordinary Weekday/ Optional Memorial of the Blessed Virgin Mary	Job 42: 1-3, 5-6, 12-17	Psalms 119: 66, 71, 75, 91, 125, 130		Matthew 11: 25	Luke 10: 17-24	Mass-Readings-October-2026-PDF-Download.pdf
2026-10-04	Sunday	Twenty-Seventh Sunday in Ordinary Time	Isaiah 5: 1-7	Ps 80: 9, 12, 13-14, 15-16, 19-20	Philippians 4: 6-9	John 15: 16	Matthew 21: 33-43	Mass-Readings-October-2026-PDF-Download.pdf
2026-10-05	Monday	Ordinary Weekday	Galatians 1: 6-12	Psalms 111: 1b-2, 7-8, 9 and 10c		John 13: 34	Luke 10: 25-37	Mass-Readings-October-2026-PDF-Download.pdf
2026-10-06	Tuesday	OW/ Bruno, Priest, Hermit, Religious Founder/ Blessed Marie-Rose Durocher, Virgin, Religious Founder	Galatians 1: 13-24	Psalms 139: 1b-3, 13-14ab, 14c-15		Luke 11: 28	Luke 10: 38-42	Mass-Readings-October-2026-PDF-Download.pdf
2026-10-07	Wednesday	Our Lady of the Rosary Obligatory Memorial	Galatians 2: 1-2, 7-14	Psalms 117: 1bc, 2		Romans 8: 15bc	Luke 11: 1-4	Mass-Readings-October-2026-PDF-Download.pdf
2026-10-08	Thursday	Ordinary Weekday	Galatians 3: 1-5	Luke 1: 69, 70-71, 72, 73-75		Acts 16: 14b	Luke 11: 5-13	Mass-Readings-October-2026-PDF-Download.pdf
2026-10-09	Friday	OW/ Denis, Bishop, Martyr, and Companions, Martyrs/ John Leonardi, Priest	Galatians 3: 7-14	Psalms 111: 1b-2, 3-4, 5-6		John 12: 31b-32	Luke 11: 15-26	Mass-Readings-October-2026-PDF-Download.pdf
2026-10-10	Saturday	Ordinary Weekday/ Optional Memorial of the Blessed Virgin Mary						Mass-Readings-October-2026-PDF-Download.pdf
2026-10-11	Sunday	Twenty-Eighth Sunday in Ordinary Time	Isaiah 25: 6-10a	Psalms 23: 1-3a, 3b-4, 5, 6	Philippians 4: 12-14, 19-20	Ephesians 1: 17-18	Matthew 22: 1-14	Mass-Readings-October-2026-PDF-Download.pdf
2026-10-12	Monday	Ordinary Weekday	Galatians 4: 22-24, 26-27, 31 - 5: 1	Psalms 113: 1b-2, 3-4, 5a and 6-7		Psalms 95: 8	Luke 11: 29-32 Page 1 of 3	Mass-Readings-October-2026-PDF-Download.pdf
2026-10-13	Tuesday	Ordinary Weekday	Galatians 5: 1-6	Psalms 119: 41, 43, 44, 45, 47, 48		Hebrews 4: 12	Luke 11: 37-41	Mass-Readings-October-2026-PDF-Download.pdf
2026-10-14	Wednesday	Ordinary Weekday/ Callistus I, Pope, Martyr						Mass-Readings-October-2026-PDF-Download.pdf
2026-10-15	Thursday	Teresa of Avila, Virgin, Religious, Doctor Obligatory Memorial	Ephesians 1: 1-10	Psalms 98: 1, 2-3ab, 3cd-4, 5-6		John 14: 6	Luke 11: 47-54	Mass-Readings-October-2026-PDF-Download.pdf
2026-10-16	Friday	Ordinary Weekday/ Hedwig, Religious/ Margaret Mary Alacoque, Virgin	Ephesians 1: 11-14	Psalms 33: 1-2, 4-5, 12-13		Psalms 33: 22	Luke 12: 1-7	Mass-Readings-October-2026-PDF-Download.pdf
2026-10-17	Saturday	Ignatius of Antioch, Bishop, Martyr Obligatory Memorial						Mass-Readings-October-2026-PDF-Download.pdf
2026-10-18	Sunday	Twenty-Ninth Sunday in Ordinary Time	Ephesians 1: 15-23	Psalms 8: 2-3ab, 4-5, 6-7		John 15: 26a, 27a	Luke 12: 8-12	Mass-Readings-October-2026-PDF-Download.pdf
2026-10-19	Monday	Isaac Jogues and John De Brébeuf, Priests, Religious, Missionaries, Martyrs, and Companions, Martyrs Obligatory Memorial	Ephesians 2: 1-10	Psalms 100: 2, 3, 4ab, 4c-5		Matthew 5: 3	Luke 12: 13-21	Mass-Readings-October-2026-PDF-Download.pdf
2026-10-20	Tuesday	Ordinary Weekday/ Paul of the Cross, Priest, Religious Founder	Isaiah 45: 1, 4-6	Psalms 96: 1, 3, 4-5, 7-8, 9-10	First Thessalonians 1: 1-5b	Philippians 2: 15d, 16a	Matthew 22: 15-21	Mass-Readings-October-2026-PDF-Download.pdf
2026-10-21	Wednesday	Ordinary Weekday	Ephesians 3: 2-12	Isaiah 12: 2-3, 4bcd, 5-6		Matthew 24: 42a, 44	Luke 12: 39-48	Mass-Readings-October-2026-PDF-Download.pdf
2026-10-22	Thursday	Ordinary Weekday/ John Paul II, Pope						Mass-Readings-October-2026-PDF-Download.pdf
2026-10-23	Friday	Ordinary Weekday/ John of Capistrano, Priest	Ephesians 4: 1-6	Psalms 24: 1-2, 3-4ab, 5-6		Matthew 11: 25	Luke 12: 54-59	Mass-Readings-October-2026-PDF-Download.pdf
2026-10-24	Saturday	Ordinary Weekday/ Optional Memorial of the Blessed Virgin Mary/ Anthony Mary Claret, Bishop, Religious Founder	Ephesians 4: 7-16	Psalms 122: 1-2, 3-4ab, 4cd-5		Ezekiel 33: 11	Luke 13: 1-9 Page 2 of 3	Mass-Readings-October-2026-PDF-Download.pdf
2026-10-25	Sunday	Thirtieth Sunday in Ordinary Time						Mass-Readings-October-2026-PDF-Download.pdf
2026-10-26	Monday	Ordinary Weekday	Ephesians 4: 32 - 5: 8	Psalms 1: 1-2, 3, 4 and 6	First Thessalonians 1: 5c-10	John 17: 17b, 17a	Luke 13: 10-17	Mass-Readings-October-2026-PDF-Download.pdf
2026-10-27	Tuesday	Ordinary Weekday	Ephesians 5: 21-33	Psalms 128: 1-2, 3, 4-5		Matthew 11: 25	Luke 13: 18-21	Mass-Readings-October-2026-PDF-Download.pdf
2026-10-28	Wednesday	Simon and Jude, Apostles Feast						Mass-Readings-October-2026-PDF-Download.pdf
2026-10-29	Thursday	Ordinary Weekday						Mass-Readings-October-2026-PDF-Download.pdf
2026-10-30	Friday	Ordinary Weekday	Philippians 1: 1-11	Psalms 111: 1-2, 3-4, 5-6		John 10: 27	Luke 14: 1-6	Mass-Readings-October-2026-PDF-Download.pdf
2026-10-31	Saturday	Ordinary Weekday/ Optional Memorial of the Blessed Virgin Mary	Philippians 1: 18b-26	Psalms 42: 2, 3, 5cdef		Matthew 11: 29ab	Luke 14: 1, 7-11 Note: The Douay Rheims Catholic Bible is used for the Mass Readings. If you wish to read the Mass readings from the New Jerusalem Bible, check Today's Mass Reading from NJB. The New Jerusalem Bible is used at Mass in most of the English-speaking world. November (2026) Mass Readings Download November (2026) Mass Readings Download This ﬁle is copyrighted to CatholicGallery.Org. You are free to print, share, and redistribute it without any restrictions. The only restriction is not to modify the ﬁle in any way. Please keep the logo and other copyright notices intact. This service is provided free of charge by Catholic Gallery. Please report any errors or broken links to info@catholicgallery.org Page 3 of 3	Mass-Readings-October-2026-PDF-Download.pdf
2026-11-01	Sunday	All Saints	Revelation 7: 2-4, 9-14	Psalms 24: 1b-2, 3-4ab, 5-6	First John 3: 1-3	Matthew 11: 28	Matthew 5: 1-12a	Mass-Readings-November-2026-PDF-Download.pdf
2026-11-02	Monday	The Commemoration of All the Faithful Departed (All Souls)	Wisdom 3: 1-9	Psalms 23: 1-3a, 3b-4, 5, 6	Romans 5: 5-11 or 6: 3-9	Matthew 25: 34	John 6: 37-40	Mass-Readings-November-2026-PDF-Download.pdf
2026-11-03	Tuesday	Ordinary Weekday/ Martin De Porres, Religious	Philippians 2: 5-11	Psalms 22: 26b-27, 28, 29-30, 31-32		Matthew 11: 28	Luke 14: 15-24	Mass-Readings-November-2026-PDF-Download.pdf
2026-11-04	Wednesday	Charles Borromeo, Bishop Obligatory Memorial	Philippians 2: 12-18	Psalms 27: 1, 4, 13-14		First Peter 4: 14	Luke 14: 25-33	Mass-Readings-November-2026-PDF-Download.pdf
2026-11-05	Thursday	Ordinary Weekday						Mass-Readings-November-2026-PDF-Download.pdf
2026-11-06	Friday	Ordinary Weekday	Philippians 3: 17 - 4: 1	Psalms 122: 1-2, 3-4ab, 4cd-5		First John 2: 5	Luke 16: 1-8	Mass-Readings-November-2026-PDF-Download.pdf
2026-11-07	Saturday	Ordinary Weekday/ Optional Memorial of the Blessed Virgin Mary						Mass-Readings-November-2026-PDF-Download.pdf
2026-11-08	Sunday	Thirty-Second Sunday in Ordinary Time						Mass-Readings-November-2026-PDF-Download.pdf
2026-11-09	Monday	Dedication of the Lateran Basilica in Rome Feast	Ezekiel 47: 1-2, 8-9, 12	Psalms 46: 2-3, 5-6, 8-9	First Corinthians 3: 9c-11, 16-17	Second Chronicles 7: 16	John 2: 13-22	Mass-Readings-November-2026-PDF-Download.pdf
2026-11-10	Tuesday	Leo the Great, Pope, Doctor Obligatory Memorial						Mass-Readings-November-2026-PDF-Download.pdf
2026-11-11	Wednesday	Martin of Tours, Bishop Obligatory Memorial						Mass-Readings-November-2026-PDF-Download.pdf
2026-11-12	Thursday	Josaphat, Bishop, Religious, Martyr Obligatory Memorial	Philemon 1: 7-20	Psalms 146: 7, 8-9a, 9bc-10		John 15: 5	Luke 17: 20-25 Page 1 of 3	Mass-Readings-November-2026-PDF-Download.pdf
2026-11-13	Friday	Frances Xavier Cabrini, Virgin, Religious Obligatory Memorial	Third John 1: 5-8	Psalms 112: 1-2, 3-4, 5-6		Second Thessalonians 2: 14	Luke 18: 1-8	Mass-Readings-November-2026-PDF-Download.pdf
2026-11-14	Saturday	Ordinary Weekday/ Optional Memorial of the Blessed Virgin Mary						Mass-Readings-November-2026-PDF-Download.pdf
2026-11-15	Sunday	Thirty-Third Sunday in Ordinary Time						Mass-Readings-November-2026-PDF-Download.pdf
2026-11-16	Monday	Ordinary Weekday/ Margaret of Scotland, Married Woman/ Gertrude the Great, Virgin, Religious						Mass-Readings-November-2026-PDF-Download.pdf
2026-11-17	Tuesday	Elizabeth of Hungary, Married Woman, Religious Obligatory Memorial	Proverbs 31: 10-13, 19-20, 30-31	Psalms 128: 1-2, 3, 4-5	First Thessalonians 5: 1-6	John 15: 4a, 5b	Matthew 25: 14-30	Mass-Readings-November-2026-PDF-Download.pdf
2026-11-18	Wednesday	Ordinary Weekday/ Dedication of the Churches of Peter and Paul/ Rose Philippine Duchesne, Virgin, Religious, Missionary - Proper	Acts 28: 11-16, 30-31	Psalms 98: 1, 2-3ab, 3cd-4, 5-6			Matthew 14: 22-33	Mass-Readings-November-2026-PDF-Download.pdf
2026-11-19	Thursday	Ordinary Weekday						Mass-Readings-November-2026-PDF-Download.pdf
2026-11-20	Friday	Ordinary Weekday	Revelation 10: 8-11	Psalms 119: 14, 24, 72, 103, 111, 131		John 10: 27	Luke 19: 45-48	Mass-Readings-November-2026-PDF-Download.pdf
2026-11-21	Saturday	Presentation of the Blessed Virgin Mary Obligatory Memorial	Revelation 11: 4-12	Psalms 144: 1, 2, 9-10		Second Timothy 1: 10	Luke 20: 27-40	Mass-Readings-November-2026-PDF-Download.pdf
2026-11-22	Sunday	Christ the King Solemnity (Thirty- Fourth and Last Sunday in Ordinary Time)	Ezekiel 34: 11-12, 15-17	Psalms 23: 1-2a, 2b-3, 5, 6	First Corinthians 15: 20-26, 28	Mark 11: 9, 10	Matthew 25: 31-46	Mass-Readings-November-2026-PDF-Download.pdf
2026-11-23	Monday	Ordinary Weekday/ Clement I, Pope, Martyr/ Columban, Abbot, Missionary/ Blessed Miguel Augustín Pro, Priest, Religious, Martyr	Revelation 14: 1-3, 4b-5	Psalms 24: 1bc-2, 3-4ab, 5-6		Matthew 24: 42a, 44	Luke 21: 1-4 Page 2 of 3	Mass-Readings-November-2026-PDF-Download.pdf
2026-11-24	Tuesday	Andrew Dung-lac, Priest, Martyr, and Companions, Martyrs Obligatory Memorial	Revelation 14: 14-19	Psalms 96: 10, 11-12, 13		Revelation 2: 10c	Luke 21: 5-11	Mass-Readings-November-2026-PDF-Download.pdf
2026-11-25	Wednesday	Ordinary Weekday/ Catherine of Alexandria, Virgin, Martyr						Mass-Readings-November-2026-PDF-Download.pdf
2026-11-26	Thursday	Ordinary Weekday/ Thanksgiving Day - Ordinary	Revelation 15: 1-4	Psalms 98: 1, 2-3ab, 7-8, 9		Revelation 2: 10c	Luke 21: 12-19	Mass-Readings-November-2026-PDF-Download.pdf
2026-11-27	Friday	Ordinary Weekday	Revelation 18: 1-2, 21-23; 19: 1-3, 9a	Psalms 100: 2, 3, 4, 5		Luke 21: 28	Luke 21: 20-28	Mass-Readings-November-2026-PDF-Download.pdf
2026-11-28	Saturday	Ordinary Weekday/ Optional Memorial of the Blessed Virgin Mary	Revelation 22: 1-7	Psalms 95: 1-2, 3-5, 6-7ab		Luke 21: 36	Luke 21: 34-36	Mass-Readings-November-2026-PDF-Download.pdf
2026-11-29	Sunday	First Sunday of Advent	Isaiah 63: 16b-17, 19b; 64: 2-7	Psalms 80: 2-3, 15-16, 18-19	First Corinthians 1: 3-9	Psalms 85: 8	Mark 13: 33-37	Mass-Readings-November-2026-PDF-Download.pdf
2026-11-30	Monday	Andrew, Apostle Feast	Romans 10: 9-18	Psalms 19: 8, 9, 10, 11		Matthew 4: 19	Matthew 4: 18-22 Note: The Douay Rheims Catholic Bible is used for the Mass Readings. If you wish to read the Mass readings from the New Jerusalem Bible, check Today's Mass Reading from NJB. The New Jerusalem Bible is used at Mass in most of the English-speaking world. December (2026) Mass Readings Download December (2026) Mass Readings Download This ﬁle is copyrighted to CatholicGallery.Org. You are free to print, share, and redistribute it without any restrictions. The only restriction is not to modify the ﬁle in any way. Please keep the logo and other copyright notices intact. This service is provided free of charge by Catholic Gallery. Please report any errors or broken links to info@catholicgallery.org Page 3 of 3	Mass-Readings-November-2026-PDF-Download.pdf
2026-12-01	Tuesday	Advent Weekday	Isaiah 11: 1-10	Psalms 72: 1-2, 7-8, 12-13, 17			Luke 10: 21-24	Mass-Readings-December-2026-PDF-Download.pdf
2026-12-02	Wednesday	Advent Weekday	Isaiah 25: 6-10a	Psalms 23: 1-3a, 3b-4, 5, 6			Matthew 15: 29-37	Mass-Readings-December-2026-PDF-Download.pdf
2026-12-03	Thursday	Francis Xavier, Priest, Missionary Obligatory Memorial	Isaiah 26: 1-6	Psalms 118: 1 and 8-9, 19-21, 25- 27a		Isaiah 55: 6	Matthew 7: 21, 24-27	Mass-Readings-December-2026-PDF-Download.pdf
2026-12-04	Friday	Advent Weekday/ John of Damascus, Priest, Religious, Doctor	Isaiah 40: 1-5, 9-11	Psalms 85: 9-10, 11-12, 13-14	Second Peter 3: 8-14	Luke 3: 4, 6	Mark 1: 1-8	Mass-Readings-December-2026-PDF-Download.pdf
2026-12-05	Saturday	Advent Weekday						Mass-Readings-December-2026-PDF-Download.pdf
2026-12-06	Sunday	Second Sunday of Advent						Mass-Readings-December-2026-PDF-Download.pdf
2026-12-07	Monday	Ambrose, Bishop, Doctor Obligatory Memorial						Mass-Readings-December-2026-PDF-Download.pdf
2026-12-08	Tuesday	Immaculate Conception of the Blessed Virgin Mary Solemnity.						Mass-Readings-December-2026-PDF-Download.pdf
2026-12-09	Wednesday	Advent Weekday/ Juan Diego, Hermit	Isaiah 40: 25-31	Psalms 103: 1-2, 3-4, 8 and 10	Ephesians 1: 3-6, 11-12	Luke 1: 28	Matthew 11: 28-30	Mass-Readings-December-2026-PDF-Download.pdf
2026-12-10	Thursday	Advent Weekday						Mass-Readings-December-2026-PDF-Download.pdf
2026-12-11	Friday	Advent Weekday/ Damasus I, Pope						Mass-Readings-December-2026-PDF-Download.pdf
2026-12-12	Saturday	Our Lady of Guadalupe Feast	Zechariah 2: 14-17 or Revelation 11: 19a; 12: 1-6a, 10ab	Judith 13: 18bcde, 19		Isaiah 45: 8	Luke 1: 26-38 or Luke 1: 39-47 Page 1 of 3	Mass-Readings-December-2026-PDF-Download.pdf
2026-12-13	Sunday	Third Sunday of Advent	Isaiah 61: 1-2a, 10-11	Luke 1: 46-48, 49-50, 53-54	First Thessalonians 5: 16-24	Isaiah 61: 1	John 1: 6-8, 19-28	Mass-Readings-December-2026-PDF-Download.pdf
2026-12-14	Monday	John of the Cross, Priest, Doctor Obligatory Memorial	Numbers 24: 2-7, 15-17	Psalms 25: 4-5ab, 6 and 7bc, 8- 9		Psalms 85: 8	Matthew 21: 23-27	Mass-Readings-December-2026-PDF-Download.pdf
2026-12-15	Tuesday	Advent Weekday	Zephaniah 3: 1-2, 9-13	Psalms 34: 2-3, 6-7, 17-18, 19 and 23			Matthew 21: 28-32	Mass-Readings-December-2026-PDF-Download.pdf
2026-12-16	Wednesday	Advent Weekday						Mass-Readings-December-2026-PDF-Download.pdf
2026-12-17	Thursday	Advent Weekday (O Sapientia)						Mass-Readings-December-2026-PDF-Download.pdf
2026-12-18	Friday	Advent Weekday (O Adonai)	Isaiah 45: 6c-8, 18, 21c-25	Psalms 85: 9ab and 10, 11-12, 13- 14		Isaiah 40: 9-10	Luke 7: 18b-23	Mass-Readings-December-2026-PDF-Download.pdf
2026-12-19	Saturday	Advent Weekday (O Radix Jesse)	Jeremiah 23: 5-8	Psalms 72: 1-2, 12-13, 18-19			Matthew 1: 18-25	Mass-Readings-December-2026-PDF-Download.pdf
2026-12-20	Sunday	Fourth Sunday of Advent (O Clavis David)						Mass-Readings-December-2026-PDF-Download.pdf
2026-12-21	Monday	Advent Weekday (O Oriens)/ Peter Canisius, Priest, Doctor	Songs 2: 8-14 or Zephaniah 3: 14- 18a	Psalms 33: 2-3, 11-12, 20-21	Romans 16: 25-27	Luke 1: 38	Luke 1: 39-45	Mass-Readings-December-2026-PDF-Download.pdf
2026-12-22	Tuesday	Advent Weekday (O Rex Gentium)	First Samuel 1: 24-28	First Samuel 2: 1, 4-5, 6-7, 8abcd			Luke 1: 46-56	Mass-Readings-December-2026-PDF-Download.pdf
2026-12-23	Wednesday	Advent Weekday (O Emmanuel)/ John of Kanty, Priest	Malachi 3: 1-4, 4: 5-6	Psalms 25: 4-5ab, 8-9, 10 and 14			Luke 1: 57-66	Mass-Readings-December-2026-PDF-Download.pdf
2026-12-24	Thursday	Advent Weekday	Second Samuel 7: 1-5, 8b-12, 14a, 16	Psalms 89: 2-3, 4-5, 27 and 29			Luke 1: 67-79	Mass-Readings-December-2026-PDF-Download.pdf
2026-12-25	Friday	The Nativity of the Lord Solemnity - Day	Acts 6: 8-10; 7: 54-59	Psalms 31: 3cd-4, 6 and 8ab, 16bc and 17	Hebrews 1: 1-6	Psalms 118: 26a, 27a	Matthew 10: 17-22	Mass-Readings-December-2026-PDF-Download.pdf
2026-12-26	Saturday	Stephen, Protomartyr Feast						Mass-Readings-December-2026-PDF-Download.pdf
2026-12-27	Sunday	Holy Family Feast	Genesis 15: 1-6; 21: 1-3 or Sirach 3: 2-6, 12-14	Psalms 105: 1-2, 3-4, 5-6, 8-9 or Psalms 128: 1-2, 3, 4-5	Hebrews 11: 8, 11-12, 17-19 or Colossians 3: 12-21	Hebrews 1: 1-2 or Colossians 3: 15a, 16a	Luke 2: 22-40 or Luke 2: 22, 39- 40	Mass-Readings-December-2026-PDF-Download.pdf
2026-12-28	Monday	Holy Innocents, Martyrs Feast	First John 1: 5 - 2: 2	Psalms 124: 2-3, 4-5, 7b-8			Matthew 2: 13-18	Mass-Readings-December-2026-PDF-Download.pdf
2026-12-29	Tuesday	Christmas Weekday/ Thomas Becket, Bishop, Martyr	First John 2: 3-11	Psalms 96: 1-2a, 2b-3, 5b-6		Luke 2: 32	Luke 2: 22-35	Mass-Readings-December-2026-PDF-Download.pdf
2026-12-30	Wednesday	Christmas Weekday	First John 2: 12-17	Psalms 96: 7-8a, 8b-9, 10			Luke 2: 36-40	Mass-Readings-December-2026-PDF-Download.pdf
2026-12-31	Thursday	Christmas Weekday/ Sylvester I, Pope	First John 2: 18-21	Psalms 96: 1-2, 11-12, 13		John 1: 14a, 12a	John 1: 1-18 Note: The Douay Rheims Catholic Bible is used for the Mass Readings. If you wish to read the Mass readings from the New Jerusalem Bible, check Today's Mass Reading from NJB. The New Jerusalem Bible is used at Mass in most of the English-speaking world. January (2027) Mass Readings Download January (2027) Mass Readings Download This ﬁle is copyrighted to CatholicGallery.Org. You are free to print, share, and redistribute it without any restrictions. The only restriction is not to modify the ﬁle in any way. Please keep the logo and other copyright notices intact. This service is provided free of charge by Catholic Gallery. Please report any errors or broken links to info@catholicgallery.org Page 3 of 3	Mass-Readings-December-2026-PDF-Download.pdf
